pa_obligation_id;article;theme;obligation_or_commitment_summary;legal_status;requires_ratification_implementation_review;requires_domestic_legal_anchoring;possible_domestic_actor;implementation_domain;depends_on_pabs_annex;notes
"PA_ART01_001";"Article 1";"national governance";"Defines 'pandemic emergency' as a PHEIC caused by a communicable disease with wide geographical spread, health system overload, substantial social/economic disruption, and need for enhanced international action — a legally operative definition that activates specific Agreement obligations";"adopted agreement provision";"Yes";"Yes";"Ministry of Health; National IHR Authority / National IHR Focal Point; Legislature / parliament";"legal and regulatory framework";"No";"Adopted text; definition is operative and may require domestic alignment with IHR 2005 pandemic emergency determination per Art. 12 IHR; update if IHR term is further amended"
"PA_ART01_002";"Article 1";"equitable access";"Defines 'pandemic-related health products' as those relevant health products needed for prevention, preparedness and response to pandemic emergencies — cross-cutting definition applicable to supply chain, procurement, R&D, PABS, and access provisions";"adopted agreement provision";"Yes";"Partial / administrative implementation possible";"Ministry of Health; Regulatory authority for medicines and health products; National public health authority";"legal and regulatory framework";"Partially";"Adopted text; definition is operationally dependent on 'relevant health products' as defined in IHR (2005) Art. 1 (2024 amendment); PABS Annex will further specify scope for pathogens"
"PA_ART01_003";"Article 1";"health systems";"Defines 'universal health coverage' as access to the full range of quality health services without financial hardship, covering the full continuum of essential health services — anchors the equity framing of the Agreement";"adopted agreement provision";"No";"No";"TBD after country mapping";"legal and regulatory framework";"No";"Adopted text; definitional only; no standalone domestic obligation"
"PA_ART02_001";"Article 2";"prevention";"The objective of the Agreement — guided by equity — is to prevent, prepare for and respond to pandemics; provisions apply both during and between pandemics unless otherwise specified";"framework obligation";"Yes";"Partial / administrative implementation possible";"Ministry of Health; National IHR Authority / National IHR Focal Point";"national coordination";"No";"Adopted text; objective clause; does not stand alone as a domestic obligation but defines the interpretive frame for all substantive provisions"
"PA_ART03_001";"Article 3";"national governance";"Parties shall be guided by: sovereign right to legislate; full respect for dignity, human rights and fundamental freedoms; international humanitarian law; equity as goal, principle and outcome; solidarity; and best available science and evidence";"adopted agreement provision";"Yes";"Partial / administrative implementation possible";"Ministry of Health; Legislature / parliament; Ministry of Foreign Affairs";"legal and regulatory framework";"No";"Adopted text; principles clause; has interpretive legal force; equity and human rights principles may require domestic legal review for compliance in implementation"
"PA_ART04_001";"Article 4";"prevention";"Parties shall take steps through international collaboration to progressively strengthen pandemic prevention and surveillance measures and capacities, consistent with IHR (2005)";"cooperation commitment";"Yes";"Partial / administrative implementation possible";"Ministry of Health; Ministry of Foreign Affairs; National IHR Authority / National IHR Focal Point";"public health surveillance";"No";"Adopted text; requires ratification/implementation review; IHR consistency clause creates cross-instrument obligations"
"PA_ART04_002";"Article 4";"prevention";"Each Party shall develop or strengthen comprehensive multisectoral national pandemic prevention and surveillance plans consistent with IHR (2005), covering areas in Art. 4.2(a)–(j), taking into account public health priorities and relevant international standards";"adopted agreement provision requiring future ratification/implementation";"Yes";"Yes";"Ministry of Health; National public health authority; National IHR Authority / National IHR Focal Point; Subnational governments";"public health surveillance";"No";"Adopted text; requires ratification/implementation review; multisectoral plan must address at minimum items (a)–(j); subject to national circumstances and resource availability"
"PA_ART04_003";"Article 4";"prevention";"Each Party shall take measures to prevent emerging and re-emerging infectious diseases, promoting collaboration across sectors to identify and address drivers of infectious disease at the human-animal-environment interface";"adopted agreement provision requiring future ratification/implementation";"Yes";"Yes";"Ministry of Health; Agriculture / animal health authority; Environmental authority; One Health coordination mechanism";"One Health governance";"No";"Adopted text; cross-sectoral mandate requires institutional coordination mechanisms; possible overlap with One Health obligations in Art. 5"
"PA_ART04_004";"Article 4";"One Health";"Each Party shall take measures to prevent infectious disease transmission between animals and humans, including measures to identify and reduce pandemic risks associated with human-animal interactions and prevention at source";"adopted agreement provision requiring future ratification/implementation";"Yes";"Yes";"Agriculture / animal health authority; Ministry of Health; Environmental authority; One Health coordination mechanism";"One Health governance";"No";"Adopted text; requires coordination with animal health sector; domestic legislation may need amendment if One Health coordination mechanisms are absent"
"PA_ART04_005";"Article 4";"surveillance";"Each Party shall establish coordinated multisectoral surveillance to detect and assess pathogens with pandemic potential — including zoonotic and AMR pathogens — and share outputs across sectors within its territory";"adopted agreement provision requiring future ratification/implementation";"Yes";"Yes";"National public health authority; National laboratory network; Agriculture / animal health authority; Environmental authority";"public health surveillance";"No";"Adopted text; requires ratification/implementation review; intersectoral information sharing may require legal frameworks; closely related to IHR core capacity CC1 and CC5"
"PA_ART04_006";"Article 4";"surveillance";"Each Party shall strengthen community-level mechanisms to detect and report unusual public health events to relevant authorities within its territory for early containment";"adopted agreement provision requiring future ratification/implementation";"Yes";"Yes";"National public health authority; Subnational governments; National IHR Authority / National IHR Focal Point";"emergency preparedness and response";"No";"Adopted text; requires community-level surveillance architecture; subnational coordination often requires domestic legal framework"
"PA_ART04_007";"Article 4";"health systems";"Each Party shall strengthen efforts to ensure access to safe water, sanitation and hygiene for all, including in hard-to-reach areas, as part of pandemic prevention";"adopted agreement provision requiring future ratification/implementation";"Yes";"Partial / administrative implementation possible";"Ministry of Health; Subnational governments";"health system strengthening";"No";"Adopted text; WASH obligation is a long-standing SDG commitment; domestic anchoring depends on existing infrastructure legislation"
"PA_ART04_008";"Article 4";"prevention";"Each Party shall strengthen effective routine immunization programmes, including maintaining high coverage, timely supplementary vaccination, public awareness of immunization, and strengthening supply chains and immunization systems";"adopted agreement provision requiring future ratification/implementation";"Yes";"Partial / administrative implementation possible";"Ministry of Health; National public health authority; Subnational governments";"health system strengthening";"No";"Adopted text; requires ratification/implementation review; immunization programme obligations may require regulatory framework for vaccine approval and mandatory schedules"
"PA_ART04_009";"Article 4";"preparedness";"Each Party shall implement infection prevention and control measures, including safe management of medical waste in health care facilities and long-term care facilities";"adopted agreement provision requiring future ratification/implementation";"Yes";"Yes";"Ministry of Health; National public health authority; Regulatory authority for medicines and health products";"health system strengthening";"No";"Adopted text; IPC measures often require health facility regulation and medical waste management legislation"
"PA_ART04_010";"Article 4";"surveillance";"Each Party shall develop, strengthen and maintain capacities for surveillance, risk assessment and prevention of vector-borne diseases that may lead to pandemic emergencies, including consideration of social, demographic and environmental factors";"adopted agreement provision requiring future ratification/implementation";"Yes";"Partial / administrative implementation possible";"National public health authority; National laboratory network; Environmental authority";"public health surveillance";"No";"Adopted text; may require dedicated surveillance programmes and inter-agency coordination"
"PA_ART04_011";"Article 4";"preparedness";"Each Party shall implement laboratory biological risk management, including biosafety and biosecurity training and practices, and ensuring safety of transportation in accordance with applicable international and national regulations";"adopted agreement provision requiring future ratification/implementation";"Yes";"Yes";"National laboratory network; National public health authority; Customs / border authorities";"laboratories";"No";"Adopted text; requires legal and regulatory framework for biosafety, biosecurity and dangerous goods transport"
"PA_ART04_012";"Article 4";"prevention";"Each Party shall take measures to address public health risks associated with AMR, including facilitating affordable and equitable access to antimicrobials and promoting appropriate, prudent and responsible use across relevant sectors";"adopted agreement provision requiring future ratification/implementation";"Yes";"Yes";"Ministry of Health; Regulatory authority for medicines and health products; Agriculture / animal health authority";"legal and regulatory framework";"No";"Adopted text; AMR obligations may require national action plans and prescription/dispensing regulatory frameworks"
"PA_ART05_001";"Article 5";"One Health";"Parties shall promote a One Health approach for pandemic prevention, preparedness and response that is coherent, integrated, coordinated and collaborative across all relevant organizations, sectors and actors, consistent with national law and applicable international law";"adopted agreement provision requiring future ratification/implementation";"Yes";"Yes";"One Health coordination mechanism; Ministry of Health; Agriculture / animal health authority; Environmental authority";"One Health governance";"No";"Adopted text; promotes One Health as a cross-sectoral governance requirement; may require establishing legal basis for One Health coordination mechanism"
"PA_ART05_002";"Article 5";"One Health";"Parties shall take measures to identify and address drivers of pandemics and emergence of infectious diseases at the human-animal-environment interface, through relevant pandemic prevention, preparedness and response plans";"adopted agreement provision requiring future ratification/implementation";"Yes";"Yes";"One Health coordination mechanism; Agriculture / animal health authority; Environmental authority; Ministry of Health";"One Health governance";"No";"Adopted text; cross-sectoral measures require institutional basis; domestic legislation for inter-agency coordination may be needed"
"PA_ART05_003";"Article 5";"One Health";"Each Party shall develop, implement and review relevant national policies and strategies that reflect a One Health approach for pandemic prevention, preparedness and response, including community engagement";"adopted agreement provision requiring future ratification/implementation";"Yes";"Yes";"One Health coordination mechanism; Ministry of Health; Agriculture / animal health authority; Environmental authority";"One Health governance";"No";"Adopted text; requires ratification/implementation review; policy and strategy development may require formal inter-institutional mandate"
"PA_ART05_004";"Article 5";"health workforce";"Parties shall promote or establish joint training and continuing education programmes for the workforce at the human-animal-environment interface, building relevant and complementary skills in a One Health approach";"adopted agreement provision requiring future ratification/implementation";"Yes";"Partial / administrative implementation possible";"Ministry of Health; Agriculture / animal health authority; Environmental authority; Science and technology authority";"One Health governance";"No";"Adopted text; joint training may require inter-ministerial coordination and budgetary planning; can often be achieved administratively"
"PA_ART06_001";"Article 6";"health systems";"Each Party, within the means and resources at its disposal, shall develop, strengthen and maintain a resilient health system, particularly primary health care, for pandemic prevention, preparedness and response, taking into account equity and aiming at universal health coverage";"adopted agreement provision requiring future ratification/implementation";"Yes";"Yes";"Ministry of Health; Subnational governments; Ministry of Finance";"health system strengthening";"No";"Adopted text; health system resilience obligation is broad; may require legislative framework for pandemic-specific health system planning and financing"
"PA_ART06_002";"Article 6";"preparedness";"Each Party shall develop or strengthen health system functions for: equitable access to clinical care during pandemics; procurement and supply chain management; laboratory and diagnostic capacities; risk communication and community engagement; and post-pandemic recovery";"adopted agreement provision requiring future ratification/implementation";"Yes";"Yes";"Ministry of Health; National public health authority; National laboratory network; Public procurement authority";"emergency preparedness and response";"No";"Adopted text; multi-component health system obligation; laboratory and procurement components may require specific regulatory frameworks"
"PA_ART06_003";"Article 6";"information and reporting";"Each Party shall endeavour to develop, strengthen and maintain national health information systems, in accordance with national law, including use of international data standards for interoperability, based on good data governance";"adopted agreement provision requiring future ratification/implementation";"Yes";"Yes";"Ministry of Health; National public health authority; Data protection authority";"reporting and accountability";"No";"Adopted text; health information systems may require data governance legislation and cross-agency data sharing frameworks"
"PA_ART06_004";"Article 6";"implementation and review";"Each Party shall monitor its preparedness capacities and periodically assess the functioning, readiness and gaps in its pandemic prevention, preparedness and response capacities";"adopted agreement provision requiring future ratification/implementation";"Yes";"Partial / administrative implementation possible";"Ministry of Health; National IHR Authority / National IHR Focal Point; National public health authority";"reporting and accountability";"No";"Adopted text; periodic assessment is an ongoing monitoring obligation; may be integrated with IHR State Party Self-Assessment reporting"
"PA_ART07_001";"Article 7";"health workforce";"Each Party shall take appropriate measures to develop, strengthen, protect, retain and invest in a multidisciplinary, skilled, adequate, trained, domestic health and care workforce, including in humanitarian settings, while maintaining essential health services";"adopted agreement provision requiring future ratification/implementation";"Yes";"Yes";"Ministry of Health; Subnational governments; Ministry of Finance";"health system strengthening";"No";"Adopted text; health workforce development obligation may require regulatory frameworks for training, licensing and deployment"
"PA_ART07_002";"Article 7";"health workforce";"Each Party shall ensure decent work and protect the safety, mental health, well-being and capacity of the health and care workforce, including priority access to pandemic-related health products, non-discrimination, elimination of violence, and work-related injury/disability/death policies";"adopted agreement provision requiring future ratification/implementation";"Yes";"Yes";"Ministry of Health; Legislature / parliament";"legal and regulatory framework";"No";"Adopted text; decent work and non-discrimination obligations may require labour law and occupational health legislation"
"PA_ART07_003";"Article 7";"health workforce";"Each Party shall endeavour to designate or establish national, subnational and/or regional multidisciplinary emergency health teams; Parties shall take measures to strengthen and sustain a skilled global health emergency workforce deployable upon request";"adopted agreement provision requiring future ratification/implementation";"Yes";"Yes";"Ministry of Health; National public health authority; Subnational governments";"emergency preparedness and response";"No";"Adopted text; designation of emergency health teams may require formal legal establishment and inter-agency mandate"
"PA_ART07_004";"Article 7";"health workforce";"Parties shall collaborate to minimize the negative impact of health and care workforce migration on health systems, respecting freedom of movement and taking into account the WHO Global Code of Practice on International Recruitment of Health Personnel";"cooperation commitment";"Yes";"Partial / administrative implementation possible";"Ministry of Health; Ministry of Foreign Affairs; Legislature / parliament";"international cooperation";"No";"Adopted text; migration policy dimension may require legal framework provisions on health worker recruitment and bilateral agreements"
"PA_ART07_005";"Article 7";"health workforce";"Parties shall ensure decent work and a safe environment for essential workers during pandemic emergencies, including coordinated policies for transport and supply chain workers and facilitation of their transit and access to medical care";"adopted agreement provision requiring future ratification/implementation";"Yes";"Yes";"Ministry of Health; Legislature / parliament; Customs / border authorities";"legal and regulatory framework";"No";"Adopted text; supply chain worker protection requires regulatory framework; cross-border transit facilitation may need diplomatic arrangements"
"PA_ART08_001";"Article 8";"health systems";"Each Party shall strengthen its national and, where appropriate, regional regulatory authority responsible for authorization and approval of pandemic-related health products, including through WHO technical assistance and cooperation with other Parties";"adopted agreement provision requiring future ratification/implementation";"Yes";"Yes";"Regulatory authority for medicines and health products; Ministry of Health";"legal and regulatory framework";"No";"Adopted text; regulatory authority strengthening may require legislative establishment and expanded mandate"
"PA_ART08_002";"Article 8";"health systems";"Each Party shall ensure technical capacity and legal, administrative, and financial frameworks for: expedited regulatory review and/or emergency authorization of pandemic-related health products; and effective vigilance to monitor safety and effectiveness";"adopted agreement provision requiring future ratification/implementation";"Yes";"Yes";"Regulatory authority for medicines and health products; Ministry of Health; Legislature / parliament";"legal and regulatory framework";"No";"Adopted text; expedited/emergency authorization requires explicit legal basis in domestic medicines law"
"PA_ART08_003";"Article 8";"information and reporting";"Each Party shall make publicly available and keep updated: information on regulatory processes for pandemic-related health products; and information on products authorized or approved, including relevant additional information";"adopted agreement provision requiring future ratification/implementation";"Yes";"Partial / administrative implementation possible";"Regulatory authority for medicines and health products";"reporting and accountability";"No";"Adopted text; transparency obligation; can often be achieved through administrative action; legal basis for information disclosure may be needed in some systems"
"PA_ART08_004";"Article 8";"health systems";"Each Party shall endeavour to adopt, where needed, regulatory reliance mechanisms for pandemic-related health products during PHEICs, taking into account relevant guidelines";"adopted agreement provision requiring future ratification/implementation";"Yes";"Yes";"Regulatory authority for medicines and health products; Legislature / parliament";"legal and regulatory framework";"No";"Adopted text; regulatory reliance requires legal enabling framework in national medicines law; 'endeavour to adopt' softens the obligation"
"PA_ART08_005";"Article 8";"health systems";"Each Party shall encourage relevant developers and manufacturers to diligently seek regulatory authorizations and approvals from national and/or regional regulatory authorities, including WHO listed authorities, and WHO prequalification";"implementation-oriented commitment";"No";"No";"Regulatory authority for medicines and health products; Ministry of Health";"legal and regulatory framework";"No";"Adopted text; promotional obligation; primarily directed at encouraging market actors; no direct domestic legislative anchoring required"
"PA_ART09_001";"Article 9";"research and development";"Parties shall cooperate to build, strengthen and sustain geographically diverse R&D capacities and institutions, particularly in developing countries, and promote rapid sharing of research information and results during PHEICs";"cooperation commitment";"Yes";"Partial / administrative implementation possible";"Science and technology authority; Ministry of Health; Research institutions";"research and development";"No";"Adopted text; international cooperation commitment; may benefit from domestic framework for international R&D partnerships and data sharing"
"PA_ART09_002";"Article 9";"research and development";"Parties shall promote sustained investment in research institutions and networks, scientific programmes and partnerships with developing country researchers, generation of evidence synthesis, sharing of research agendas, capacity-building programmes, and accelerating innovative R&D with biosafety compliance";"adopted agreement provision requiring future ratification/implementation";"Yes";"Partial / administrative implementation possible";"Science and technology authority; Ministry of Health; Research institutions; Legislature / parliament";"research and development";"No";"Adopted text; sustained investment implies budgetary planning and possible legislative mandate for R&D funding"
"PA_ART09_003";"Article 9";"research and development";"Each Party shall promote well-designed clinical trials in its jurisdiction during PHEICs, including representative trial populations, sharing of comparator products, and promoting access to products resulting from trials";"adopted agreement provision requiring future ratification/implementation";"Yes";"Yes";"Regulatory authority for medicines and health products; Ministry of Health; Science and technology authority";"research and development";"No";"Adopted text; clinical trial facilitation may require legal framework for emergency authorization and expedited ethics review"
"PA_ART09_004";"Article 9";"information and reporting";"Each Party shall support rapid and transparent publication of clinical trial protocols and other research results related to the implementation of the Agreement";"cooperation commitment";"Yes";"Partial / administrative implementation possible";"Science and technology authority; Research institutions";"reporting and accountability";"No";"Adopted text; transparency commitment; may be implemented through funding conditions or regulatory requirements"
"PA_ART09_005";"Article 9";"research and development";"Each Party shall develop and implement national/regional policies regarding provisions in publicly funded R&D grants and contracts for pandemic-related health products that promote timely and equitable access, including licensing/sublicensing, affordable pricing, technology access and adherence to WHO product allocation frameworks";"adopted agreement provision requiring future ratification/implementation";"Yes";"Yes";"Science and technology authority; Ministry of Health; Legislature / parliament; Public procurement authority";"research and development";"No";"Adopted text; requires ratification/implementation review; domestic policy on IP conditions in public funding may require legislative or regulatory action"
"PA_ART10_001";"Article 10";"local/regional production";"Parties shall take measures to achieve more equitable geographical distribution and rapid scale-up of global production of pandemic-related health products, including through technology transfer and supply chain measures";"adopted agreement provision requiring future ratification/implementation";"Yes";"Yes";"Ministry of Health; Ministry of Finance; Science and technology authority; Legislature / parliament";"access to vaccines, diagnostics and therapeutics";"No";"Adopted text; local production promotion may require investment legislation, industrial policy and public-private partnership frameworks"
"PA_ART10_002";"Article 10";"local/regional production";"Parties shall take measures to support and/or strengthen existing or newly created production facilities at national and regional levels, particularly in developing countries; facilitate continuous and sustainable operations of local manufacturers; actively support WHO technology transfer and local production programmes; and promote public-private partnerships for manufacturing facilities";"adopted agreement provision requiring future ratification/implementation";"Yes";"Yes";"Ministry of Health; Ministry of Finance; Science and technology authority; Public procurement authority";"access to vaccines, diagnostics and therapeutics";"No";"Adopted text; facility support and PPP promotion may require domestic investment incentives, regulatory frameworks and public procurement policy reform"
"PA_ART11_001";"Article 11";"technology transfer";"Each Party shall promote and facilitate or incentivize transfer of technology as mutually agreed, including transfer of relevant knowledge, skills and technical expertise for pandemic-related health products, particularly for developing countries, through licensing, capacity-building, regulatory and procurement policy measures";"adopted agreement provision requiring future ratification/implementation";"Yes";"Yes";"Science and technology authority; Ministry of Health; Regulatory authority for medicines and health products; Public procurement authority; Legislature / parliament";"technology transfer and know-how";"No";"Adopted text; requires ratification/implementation review; 'as mutually agreed' qualification preserves negotiated nature; domestic enabling legislation may be needed for compulsory licensing or IP policy reform"
"PA_ART11_002";"Article 11";"technology transfer";"Each Party shall take measures to enhance the availability of licences for pandemic-related health technologies it owns on a non-exclusive, transparent and broad geographic basis and for the benefit of developing countries, and encourage private rights holders to do the same";"adopted agreement provision requiring future ratification/implementation";"Yes";"Yes";"Science and technology authority; Legislature / parliament; Regulatory authority for medicines and health products";"licensing";"No";"Adopted text; State-owned IP licensing obligation may require IP legislation amendment; private sector encouragement is non-binding"
"PA_ART11_003";"Article 11";"technology transfer";"Each Party shall publish in a timely manner the terms of its licensing agreements relevant to promoting timely and equitable global access to pandemic-related health technologies, in accordance with applicable law, and shall encourage private rights holders to do the same";"adopted agreement provision requiring future ratification/implementation";"Yes";"Partial / administrative implementation possible";"Science and technology authority; Legislature / parliament";"technology transfer and know-how";"No";"Adopted text; transparency on licensing terms; State-owned IP terms are publicly disclosable; private sector encouragement non-binding"
"PA_ART11_004";"Article 11";"technology transfer";"Parties that are WTO members reaffirm their right to use TRIPS flexibilities and the Doha Declaration to protect public health, including in future pandemics; Parties shall respect use of these flexibilities consistent with TRIPS";"framework obligation";"Yes";"Yes";"Legislature / parliament; Regulatory authority for medicines and health products";"legal and regulatory framework";"No";"Adopted text; TRIPS flexibilities must be operationalized domestically; compulsory licensing, parallel imports and government use provisions may require existing or new domestic legislation"
"PA_ART11_005";"Article 11";"technology transfer";"Each Party should review and consider amending its national legislation to ensure it can implement Article 11 (technology transfer and licensing) in a timely and effective manner";"adopted agreement provision requiring future ratification/implementation";"Yes";"Yes";"Legislature / parliament; Science and technology authority; Regulatory authority for medicines and health products";"parliamentary/legal review";"No";"Adopted text; 'should review' is a strong recommendation to States; domestic legislation for IP, technology transfer and compulsory licensing should be reviewed post-ratification"
"PA_ART12_001";"Article 12";"PABS";"Parties hereby establish a multilateral system for safe, transparent and accountable access and benefit-sharing for PABS Materials and Sequence Information — the WHO PABS System — recognizing State sovereignty over biological resources and the importance of rapid pathogen sharing and equitable benefit-sharing on an equal footing";"adopted agreement provision requiring future ratification/implementation";"Yes";"Yes";"Ministry of Health; National laboratory network; National public health authority";"laboratories and pathogen sharing";"Partially";"Adopted text; PABS System is established but its operational details require the PABS Annex; domestic implementation depends on annex adoption; update required after PABS Annex adoption"
"PA_ART12_002";"Article 12";"PABS";"The provisions governing the PABS System — including definitions of pathogens with pandemic potential and PABS Materials and Sequence Information, modalities, legal nature, terms and conditions, and operational dimensions — shall be developed in the PABS Instrument (Annex to the Agreement); all PABS System elements shall come into operation simultaneously";"PABS-related provision pending annex";"TBD after PABS Annex adoption";"TBD after PABS Annex adoption";"TBD after country mapping";"laboratories and pathogen sharing";"Yes";"Details subject to final PABS Annex; update required after adoption; Agreement only establishes the frame — all operational content is delegated to the Annex"
"PA_ART12_003";"Article 12";"PABS";"In the event of a pandemic emergency, each participating manufacturer shall make available to WHO rapid access targeting 20% of their real-time production of safe, quality and effective vaccines, therapeutics and diagnostics, with a minimum 10% donation and the remaining percentage at affordable prices";"PABS-related provision pending annex";"TBD after PABS Annex adoption";"TBD after PABS Annex adoption";"Regulatory authority for medicines and health products; Ministry of Health; Public procurement authority";"access to vaccines, diagnostics and therapeutics";"Yes";"Adopted text Art. 12.6 sets the target and minimum threshold; 'participating manufacturer' is to be defined in PABS Instrument; domestic implementation depends on PABS Annex and WHO PABS Contract mechanism; update required after adoption"
"PA_ART12_004";"Article 12";"PABS";"The PABS Instrument shall include benefit sharing provisions during a PHEIC, including options on access to safe, quality and effective vaccines, therapeutics and diagnostics for the pathogen causing the PHEIC, pursuant to legally binding contracts with WHO";"PABS-related provision pending annex";"TBD after PABS Annex adoption";"TBD after PABS Annex adoption";"TBD after country mapping";"access to vaccines, diagnostics and therapeutics";"Yes";"Details subject to final PABS Annex; update required after adoption"
"PA_ART12_005";"Article 12";"PABS";"The PABS Instrument shall include additional benefit sharing provisions in legally binding contracts, including: capacity-building and technical assistance; R&D cooperation; rapid access to vaccines, therapeutics and diagnostics; non-exclusive licences for manufacturers in developing countries; and other forms of technology transfer as mutually agreed";"PABS-related provision pending annex";"TBD after PABS Annex adoption";"TBD after PABS Annex adoption";"TBD after country mapping";"access and benefit-sharing";"Yes";"Details subject to final PABS Annex; update required after adoption; these benefit types are enumerated in adopted text Art. 12.8 but their specific terms are delegated to the Annex"
"PA_ART12_006";"Article 12";"PABS";"Parties shall review and, as appropriate, align their national/regional access and benefit-sharing measures applicable to PABS Materials and Sequence Information within the scope of the PABS Instrument, so that contradictory or duplicative measures will not be applied upon entry into operation of the PABS System";"PABS-related provision pending annex";"TBD after PABS Annex adoption";"Yes";"Legislature / parliament; Ministry of Health; National public health authority";"legal and regulatory framework";"Yes";"Adopted text Art. 12.5(d)(ii); domestic ABS review is a legally significant State obligation; requires legislative review post-PABS Annex adoption; update required after adoption"
"PA_ART13_001";"Article 13";"supply chain";"The Global Supply Chain and Logistics Network (GSCL Network) is hereby established to enhance and ensure equitable, timely, safe and affordable access to pandemic-related health products during PHEICs and prevention; coordinated and convened by WHO under the oversight of the Conference of the Parties";"institutional commitment";"Yes";"Partial / administrative implementation possible";"Ministry of Health; Public procurement authority; National IHR Authority / National IHR Focal Point";"procurement and supply chains";"No";"Adopted text; GSCL Network is established; structure, functions and modalities to be defined by the first Conference of the Parties; domestic procurement policies may need to align with GSCL obligations"
"PA_ART13_002";"Article 13";"supply chain";"Parties shall prioritize, as appropriate, sharing pandemic-related health products through the GSCL Network for equitable allocation based on public health risk and need, in particular during pandemic emergencies";"adopted agreement provision requiring future ratification/implementation";"Yes";"Yes";"Ministry of Health; Public procurement authority; Customs / border authorities";"procurement and supply chains";"No";"Adopted text; prioritization obligation for product sharing may require domestic procurement policy reform and export facilitation measures"
"PA_ART14_001";"Article 14";"procurement and distribution";"Each Party shall endeavour to publish the relevant terms of its purchase agreements with manufacturers for pandemic-related health products at the earliest reasonable opportunity during a pandemic, and to exclude confidentiality provisions limiting such disclosure";"adopted agreement provision requiring future ratification/implementation";"Yes";"Yes";"Public procurement authority; Legislature / parliament";"procurement and supply chains";"No";"Adopted text; transparency in procurement contracts may require reform of domestic procurement law and confidentiality rules"
"PA_ART14_002";"Article 14";"equitable access";"Each Party shall consider including provisions in publicly funded purchase agreements for pandemic-related health products that promote timely and equitable access for developing countries, such as donation, delivery modification, licensing and global access plans";"implementation-oriented commitment";"Yes";"Partial / administrative implementation possible";"Public procurement authority; Ministry of Finance";"procurement and supply chains";"No";"Adopted text; 'consider including' is a best-efforts obligation; procurement policy change may be achievable administratively"
"PA_ART14_003";"Article 14";"equitable access";"During a pandemic, each Party shall consider setting aside a portion of its total procurement of diagnostics, therapeutics or vaccines in a timely manner for use in countries facing challenges in meeting public health needs";"implementation-oriented commitment";"Yes";"Partial / administrative implementation possible";"Public procurement authority; Ministry of Health; Ministry of Finance";"procurement and supply chains";"No";"Adopted text; solidarity procurement obligation; 'consider' qualifier softens binding force; may require procurement policy guidance"
"PA_ART14_004";"Article 14";"supply chain";"Parties shall take measures to promote rational use and reduce waste of pandemic-related health products in order to support effective global distribution, delivery and administration, including with GSCL Network support";"implementation-oriented commitment";"Yes";"Partial / administrative implementation possible";"Ministry of Health; National public health authority";"procurement and supply chains";"No";"Adopted text; rational use obligation; largely achievable through administrative and public health guidance"
"PA_ART14_005";"Article 14";"supply chain";"During a pandemic emergency, each Party should avoid maintaining national stockpiles of pandemic-related health products that unnecessarily exceed the quantities anticipated for domestic pandemic preparedness and response";"implementation-oriented commitment";"Yes";"Partial / administrative implementation possible";"Ministry of Health; Public procurement authority";"procurement and supply chains";"No";"Adopted text; 'should avoid' obligation; anti-hoarding norm; may require domestic stockpile management policy and coordination with GSCL"
"PA_ART15_001";"Article 15";"national governance";"Parties are encouraged to apply whole-of-government and whole-of-society approaches at the national level, including to empower community ownership and contribution to pandemic prevention, preparedness and response";"implementation-oriented commitment";"Yes";"Partial / administrative implementation possible";"Ministry of Health; Subnational governments; National public health authority";"national coordination";"No";"Adopted text; encouragement norm; whole-of-government approach may be operationalized through executive coordination mechanisms without legislation"
"PA_ART15_002";"Article 15";"national governance";"Each Party is urged to establish or strengthen, and maintain, a national multisectoral coordination mechanism for pandemic prevention, preparedness and response";"adopted agreement provision requiring future ratification/implementation";"Yes";"Yes";"Ministry of Health; Legislature / parliament; Subnational governments";"national coordination";"No";"Adopted text; 'urged to establish' is a strong normative expectation; formal multisectoral mechanism often requires legal establishment, especially in federal systems"
"PA_ART15_003";"Article 15";"national governance";"Each Party shall promote and facilitate the effective and meaningful engagement of Indigenous Peoples, communities, and relevant stakeholders in planning, decision-making, implementation, monitoring and evaluation of pandemic policies";"adopted agreement provision requiring future ratification/implementation";"Yes";"Yes";"Ministry of Health; Legislature / parliament; Subnational governments";"national coordination";"No";"Adopted text; Indigenous Peoples engagement obligation may require domestic free prior informed consent frameworks or indigenous peoples participation mechanisms"
"PA_ART15_004";"Article 15";"preparedness";"Each Party shall take measures to mitigate the socioeconomic impacts of pandemics and strengthen national public health and social policies including social protection, to facilitate rapid, inclusive, resilient response especially for persons in vulnerable situations";"adopted agreement provision requiring future ratification/implementation";"Yes";"Yes";"Ministry of Health; Subnational governments; Legislature / parliament; Ministry of Finance";"emergency preparedness and response";"No";"Adopted text; social protection and socioeconomic mitigation require domestic legal frameworks"
"PA_ART15_005";"Article 15";"preparedness";"Each Party shall develop comprehensive, multisectoral, and as appropriate regional and national pandemic prevention, preparedness and response plans addressing pre-, post- and inter-pandemic periods, in a transparent and inclusive manner";"adopted agreement provision requiring future ratification/implementation";"Yes";"Yes";"Ministry of Health; Subnational governments; National public health authority; One Health coordination mechanism";"emergency preparedness and response";"No";"Adopted text; comprehensive pandemic planning obligation; may require formal legal basis for national plan development and inter-agency coordination"
"PA_ART15_006";"Article 15";"national governance";"Each Party shall promote and facilitate, where appropriate, education and community engagement initiatives on pandemic and public health emergencies, with participation of relevant stakeholders in an inclusive and accessible manner";"implementation-oriented commitment";"Yes";"Partial / administrative implementation possible";"Ministry of Health; National public health authority; Subnational governments";"national coordination";"No";"Adopted text; education and engagement obligations largely achievable through administrative action and public health programming"
"PA_ART16_001";"Article 16";"national governance";"Each Party shall take measures to strengthen science, public health and pandemic literacy in the population, and access to transparent, timely, accurate, science and evidence-based information, including on pandemic-related health product efficacy and safety, through risk communication and community engagement";"adopted agreement provision requiring future ratification/implementation";"Yes";"Partial / administrative implementation possible";"Ministry of Health; National public health authority; Subnational governments";"national coordination";"No";"Adopted text; public awareness and health literacy obligation; largely achievable through administrative action; may require dedicated communication infrastructure and resources"
"PA_ART16_002";"Article 16";"information and reporting";"Each Party shall conduct research and inform policies on factors that hinder or strengthen adherence to public health and social measures and trust in science and public health institutions";"adopted agreement provision requiring future ratification/implementation";"Yes";"Partial / administrative implementation possible";"National public health authority; Science and technology authority";"research and development";"No";"Adopted text; evidence-informed policy obligation; largely implementable through administrative investment in behavioral and social science research"
"PA_ART17_001";"Article 17";"international cooperation";"Parties shall cooperate, directly or through international organizations, to sustainably strengthen pandemic prevention, preparedness and response capacities of all Parties, particularly developing countries, including through technology transfer, scientific and legal expertise sharing, and financial assistance";"cooperation commitment";"Yes";"Partial / administrative implementation possible";"Ministry of Foreign Affairs; Ministry of Health; Ministry of Finance";"international cooperation";"No";"Adopted text; international cooperation obligation requires domestic mandates for bilateral and multilateral health assistance; may require budgetary allocation and legal authority for international support"
"PA_ART17_002";"Article 17";"international cooperation";"Particular consideration shall be given to the specific needs and circumstances of developing country Parties in identifying and enabling access to sustainable and predictable means to support WHO Pandemic Agreement implementation";"cooperation commitment";"Yes";"Partial / administrative implementation possible";"Ministry of Foreign Affairs; Ministry of Finance";"financing and budgetary planning";"No";"Adopted text; developing country support obligation; implementation requires ODA and financing policy direction"
"PA_ART18_001";"Article 18";"financing";"Parties shall strengthen sustainable and predictable financing, in an inclusive and transparent manner, for the implementation of the WHO Pandemic Agreement";"adopted agreement provision requiring future ratification/implementation";"Yes";"Yes";"Ministry of Finance; Ministry of Health; Legislature / parliament";"financing and budgetary planning";"No";"Adopted text; sustainable financing obligation requires domestic budgetary planning and possibly legislative appropriations"
"PA_ART18_002";"Article 18";"financing";"Each Party, subject to national law and available resources, shall: maintain or increase domestic funding for pandemic prevention, preparedness and response; work to mobilize additional financial resources for developing countries; promote innovative financing within bilateral and multilateral mechanisms; and encourage inclusive governance of existing financing entities";"adopted agreement provision requiring future ratification/implementation";"Yes";"Yes";"Ministry of Finance; Legislature / parliament; Ministry of Health";"financing and budgetary planning";"No";"Adopted text; domestic funding maintenance obligation has budgetary and potentially legislative implications; innovative financing promotion requires policy development"
"PA_ART18_003";"Article 18";"financing";"A Coordinating Financial Mechanism is hereby established (utilizing the IHR 2005 Coordinating Financial Mechanism) to promote sustainable financing for Agreement implementation, support capacity strengthening, and contribute to surge financing; governed by the Conference of the Parties";"institutional commitment";"Yes";"Yes";"Ministry of Finance; Ministry of Foreign Affairs; Ministry of Health";"financing and budgetary planning";"No";"Adopted text; CFM is established and tied to IHR 2005 CFM; terms of reference to be adopted by COP within 12 months of entry into force; domestic participation requires coordination of finance and health ministries"
"PA_ART19_001";"Article 19";"implementation and review";"A Conference of the Parties is hereby established; it shall regularly take stock of Agreement implementation, review its functioning every five years, take decisions to promote effective implementation, and may establish subsidiary bodies";"institutional commitment";"Yes";"Partial / administrative implementation possible";"Ministry of Health; Ministry of Foreign Affairs";"international cooperation";"No";"Adopted text; COP is established; participation requires domestic coordination between health and foreign affairs ministries; COP to adopt rules of procedure and financial rules at first session"
"PA_ART19_002";"Article 19";"implementation and review";"The Conference of the Parties at its second meeting shall consider and approve the establishment of a facilitative, non-punitive implementation mechanism to review Party reports, make non-binding recommendations and operate under COP-adopted rules of procedure";"institutional commitment";"Yes";"Partial / administrative implementation possible";"Ministry of Health; Ministry of Foreign Affairs";"reporting and accountability";"No";"Adopted text; implementation mechanism to be established; non-punitive and facilitative in nature; domestic reporting and review processes should align with Art. 21 reporting requirements"
"PA_ART21_001";"Article 21";"implementation and review";"Each Party shall report periodically to the Conference of the Parties, through the Secretariat, on its implementation of the WHO Pandemic Agreement; information requirements, frequency and format to be determined by the COP; reports shall be made publicly available online";"adopted agreement provision requiring future ratification/implementation";"Yes";"Yes";"Ministry of Health; National IHR Authority / National IHR Focal Point; National public health authority";"reporting and accountability";"No";"Adopted text; periodic reporting obligation; domestic data collection and inter-agency coordination required; confidentiality and privacy protections apply per Art. 21.4; format TBD by COP"
"PA_ART21_002";"Article 21";"implementation and review";"The reporting and exchange of information under the Agreement shall be subject to national law regarding confidentiality and privacy; Parties shall protect, as mutually agreed, any confidential information exchanged";"adopted agreement provision requiring future ratification/implementation";"Yes";"Yes";"Data protection authority; Ministry of Health; Legislature / parliament";"reporting and accountability";"No";"Adopted text; data protection and confidentiality framework for reporting requires domestic legal basis; alignment with domestic privacy legislation needed"
"PA_ART22_001";"Article 22";"implementation and review";"Nothing in the Agreement shall be interpreted as providing the WHO Secretariat, including the Director-General, any authority to direct, order, alter or otherwise prescribe national law or policy, or to mandate specific actions such as banning travellers, imposing vaccination mandates or implementing lockdowns";"framework obligation";"No";"No";"TBD after country mapping";"legal and regulatory framework";"No";"Adopted text; sovereignty safeguard clause; reaffirms national legislative autonomy; no domestic implementation required"
"PA_ART24_001";"Article 24";"international cooperation";"Parties recognize that the WHO Pandemic Agreement and the IHR (2005) and other relevant international agreements should be interpreted so as to be compatible; Agreement does not affect rights and obligations under other international agreements";"framework obligation";"Yes";"Partial / administrative implementation possible";"Ministry of Health; Ministry of Foreign Affairs; Legislature / parliament";"legal and regulatory framework";"No";"Adopted text; coherence clause with IHR 2005; domestic implementation should be reviewed for consistency between Agreement and IHR obligations; no standalone domestic obligation"
"PA_ART31_001";"Article 31";"implementation and review";"The WHO Pandemic Agreement shall be open for signature after adoption of the PABS Annex by the Health Assembly, at WHO Headquarters and then UN Headquarters on dates to be determined by the Health Assembly";"adopted agreement provision requiring future ratification/implementation";"Yes";"Yes";"Ministry of Foreign Affairs; Legislature / parliament";"parliamentary/legal review";"Yes";"Adopted text; signature is contingent on PABS Annex adoption; States cannot sign until the Annex is adopted; domestic ratification process should not begin before Annex is in place"
"PA_ART32_001";"Article 32";"implementation and review";"The WHO Pandemic Agreement shall be subject to ratification, acceptance, approval, formal confirmation or accession by all States and regional economic integration organizations; instruments to be deposited with the Depositary (UN Secretary-General)";"adopted agreement provision requiring future ratification/implementation";"Yes";"Yes";"Legislature / parliament; Ministry of Foreign Affairs";"parliamentary/legal review";"Yes";"Adopted text; ratification process requires domestic constitutional procedures; national parliaments may need to approve; PABS Annex must also be adopted before signature opens"
"PA_ART33_001";"Article 33";"implementation and review";"The WHO Pandemic Agreement shall enter into force on the thirtieth day following deposit of the sixtieth instrument of ratification, acceptance, approval, formal confirmation or accession";"adopted agreement provision requiring future ratification/implementation";"Yes";"Partial / administrative implementation possible";"Ministry of Foreign Affairs; Legislature / parliament";"parliamentary/legal review";"Yes";"Adopted text; entry into force depends on 60 ratifications; domestic legal anchoring of obligations begins upon entry into force for each Party; prior measures should be voluntary"
"PA_GENERAL_001";"Article 12 / Article 31 / Article 32";"PABS";"The WHO Pandemic Agreement is not yet open for signature: signature requires prior adoption of the PABS Annex by the Health Assembly; until the Annex is adopted and the Agreement enters into force, all Agreement provisions are aspirational and no State is bound as a Party";"uncertain / requires review";"TBD after PABS Annex adoption";"TBD after PABS Annex adoption";"TBD after country mapping";"legal and regulatory framework";"Yes";"Cross-cutting note; the Agreement was adopted 20 May 2025 but cannot be signed until PABS Annex is adopted (WHA78.1 para. 3); preliminary domestic analysis may begin but no legally binding obligations arise prior to entry into force per Art. 33"
