"mapping_id","obligation_id","domestic_provision_id","domestic_norm","domestic_article","match_type","anchoring_level","actor_fit","procedure_fit","coordination_fit","enforcement_fit","rights_safeguard_fit","federalism_fit","assessment_summary","gap_type","confidence_level","review_status","reviewer_notes"
"MEX_MAP_IHR2005_001_001","IHR-OBL-001","MEX-017-art35-fraccXIX","Reglamento Interior de la Secretaría de Salud","Art. 35, frac. XIX","direct statutory","3","strong","partial","partial","weak","not directly implicated","partial","Art. 35 frac. XIX of the SS Interior Regulation explicitly designates the DGE as the RSI National Focal Point and assigns IHR Article 4 duties. Actor fit is strong. Procedure fit is partial: 24-hour availability, internal contact lists, and WHO communication protocols are not codified. Coordination with SRE (DGRI) and COFEPRIS is implied but not operationally specified.","procedural gap","high","preliminary_ai_assisted",""
"MEX_MAP_IHR2005_001_002","IHR-OBL-001","MEX_PROV_NOM017_SEC661_001","NOM-017-SSA2-2012, Para la vigilancia epidemiológica","Numeral 6.6.1–6.6.2","regulatory","3","strong","partial","partial","weak","not directly implicated","partial","NOM-017 numeral 6.6.1-6.6.2 reiterates and operationalises the DGE NFP designation at the technical-normative level, confirming DGE as the domestic focal point for PHEIC notifications. Provides operational specificity not found in the Reglamento Interior, but does not fully specify 24-hour communication protocols or backup NFP contacts.","procedural gap","high","preliminary_ai_assisted",""
"MEX_MAP_IHR2005_001_003","IHR-OBL-001","MEX-017-art02-estructuraadm","Reglamento Interior de la Secretaría de Salud","Art. 2","actor-only","2","strong","weak","weak","none identified","not directly implicated","not directly implicated","Art. 2 establishes DGE as a deconcentrated administrative unit of SS, providing the institutional-structural basis for the NFP designation in Art. 35. Anchoring is actor-level only; no IHR obligations or procedures are specified here.","procedural gap","medium","preliminary_ai_assisted",""
"MEX_MAP_IHR2005_002_001","IHR-OBL-002","MEX_PROV_LGS_ART134_001","Ley General de Salud","Art. 134, fracciones I-XIV","indirect statutory","2","strong","partial","partial","weak","not directly implicated","partial","Art. 134 establishes the SINAVE and assigns SS the mandate to develop epidemiological surveillance capacity at all levels. Fourteen fracciones cover detection, notification, laboratory confirmation, and information management. Does not explicitly reference IHR Annex 1 benchmarks or time-bound development milestones.","regulatory gap","high","preliminary_ai_assisted",""
"MEX_MAP_IHR2005_002_002","IHR-OBL-002","MEX_PROV_NOM017_SEC42_001","NOM-017-SSA2-2012, Para la vigilancia epidemiológica","Numeral 4.2–4.3","regulatory","2","strong","partial","partial","partial","not directly implicated","partial","NOM-017 numerales 4.2-4.3 confirm that DGE and SS are the operational SINAVE actors, and specify governance structure across federal, state, and municipal levels. Regulatory anchoring is direct but the NOM does not define Annex 1A minimum capacity benchmarks or a time-bound capacity development plan.","regulatory gap","high","preliminary_ai_assisted",""
"MEX_MAP_IHR2005_002_003","IHR-OBL-002","MEX-017-art35-fraccX","Reglamento Interior de la Secretaría de Salud","Art. 35, frac. X","indirect statutory","2","strong","partial","partial","weak","not directly implicated","partial","Art. 35 frac. X assigns DGE operational responsibility for SINAVE, providing the institutional anchor for national surveillance system development. Does not operationalise IHR-specific capacity benchmarks or establish the planning cycle for IHR core capacity assessment and development.","regulatory gap","medium","preliminary_ai_assisted",""
"MEX_MAP_IHR2005_003_001","IHR-OBL-003","MEX-017-art35-fraccXIX","Reglamento Interior de la Secretaría de Salud","Art. 35, frac. XIX","actor-only","1","strong","weak","weak","none identified","not directly implicated","not directly implicated","The DGE is designated as NFP with IHR coordination duties, which would include extension-request reporting under Art. 5(2). However, no domestic provision explicitly establishes the procedure for requesting or reporting capacity-building extensions to WHO, nor assigns this duty formally.","procedural gap","medium","preliminary_ai_assisted",""
"MEX_MAP_IHR2005_003_002","IHR-OBL-003","MEX_PROV_LGS_ART136_001","Ley General de Salud","Art. 136, fracciones I-IV","indirect statutory","1","partial","weak","weak","none identified","not directly implicated","not directly implicated","Art. 136 establishes the general notification framework that underpins WHO reporting obligations. No specific provision requires Mexico to report capacity-building extensions or development plans to WHO under IHR Art. 5(2). Anchoring is contextual only.","full gap","low","requires_human_review","No explicit Art. 5(2) procedure found in corpus."
"MEX_MAP_IHR2005_004_001","IHR-OBL-004","MEX_PROV_LGS_ART136_001","Ley General de Salud","Art. 136, fracciones I-IV","direct statutory","3","strong","partial","partial","partial","not directly implicated","partial","Art. 136 frac. I explicitly mandates notification of epidemiological events to the SS (and by implication to WHO via the NFP). Fracciones II-IV cover cross-level and cross-sector notification. However, the Annex 2 decision instrument is not domestically codified, and the 24-hour notification clock is not reflected in this article.","procedural gap","high","preliminary_ai_assisted",""
"MEX_MAP_IHR2005_004_002","IHR-OBL-004","MEX_PROV_RISI_ART014_001","Reglamento de la Ley General de Salud en Materia de Sanidad Internacional","Artículo 14","direct statutory","3","strong","partial","partial","partial","not directly implicated","not directly implicated","Art. 14 of the RLGS Sanidad Internacional explicitly assigns the duty to notify WHO of events meeting IHR notification criteria, referencing international obligations. This is the most direct regulatory anchor for the Art. 6(1) notification obligation. Procedure for Annex 2 risk assessment is not domestically specified.","procedural gap","high","preliminary_ai_assisted","Closest domestic anchor to IHR Art. 6 notification duty."
"MEX_MAP_IHR2005_004_003","IHR-OBL-004","MEX_PROV_NOM017_SEC661_001","NOM-017-SSA2-2012, Para la vigilancia epidemiológica","Numeral 6.6.1–6.6.2","regulatory","2","strong","partial","partial","weak","not directly implicated","partial","NOM-017 numeral 6.6.1-6.6.2 confirms DGE as operational NFP for PHEIC notifications and formalises the WHO notification channel at technical-normative level. Does not specify the Annex 2 decision algorithm or 24-hour reporting clock.","procedural gap","high","preliminary_ai_assisted",""
"MEX_MAP_IHR2005_005_001","IHR-OBL-005","MEX-017-art35-fraccXIX","Reglamento Interior de la Secretaría de Salud","Art. 35, frac. XIX","actor-only","2","strong","partial","weak","weak","not directly implicated","not directly implicated","NFP designation implies ongoing WHO communication responsibilities. Art. 35 frac. XIX attributes IHR coordination duties to DGE as NFP, which encompasses the Art. 6(2) duty of continued reporting. However, no domestic rule specifies the frequency, format, or continuity of post-notification updates to WHO.","procedural gap","medium","preliminary_ai_assisted",""
"MEX_MAP_IHR2005_005_002","IHR-OBL-005","MEX_PROV_LGS_ART136_001","Ley General de Salud","Art. 136, fracciones I-IV","indirect statutory","1","partial","weak","weak","none identified","not directly implicated","not directly implicated","Art. 136 establishes the notification obligation but does not address the continuity duty (ongoing updates to WHO after initial notification). Contextual anchoring only.","procedural gap","medium","preliminary_ai_assisted",""
"MEX_MAP_IHR2005_006_001","IHR-OBL-006","MEX_PROV_LGS_ART136_001","Ley General de Salud","Art. 136, fracciones I-IV","indirect statutory","2","partial","partial","partial","weak","not directly implicated","partial","Art. 136 provides the general notification framework within which unexpected or unusual events would be reported. Frac. I (""epidemiological events"") is broad enough to encompass Art. 7 situations. However, there is no domestic provision mirroring the Art. 7 duty to proactively consult WHO before a formal notification determination.","partial regulatory gap","medium","preliminary_ai_assisted",""
"MEX_MAP_IHR2005_006_002","IHR-OBL-006","MEX_PROV_LGS_ART181_001","Ley General de Salud","Art. 181","indirect statutory","1","partial","weak","weak","weak","not directly implicated","partial","Art. 181 enables SS to declare a national health emergency for extraordinary or catastrophic situations, which could encompass Art. 7 scenarios. However, Art. 181 is a domestic emergency mechanism, not a WHO consultation instrument; it does not operationalise the proactive WHO-sharing duty under Art. 7.","procedural gap","medium","preliminary_ai_assisted",""
"MEX_MAP_IHR2005_007_001","IHR-OBL-007","MEX-017-art33-fraccI-IV","Reglamento Interior de la Secretaría de Salud","Art. 33, fracs. I-IV","coordination","1","strong","weak","partial","none identified","not directly implicated","not directly implicated","Art. 33 fracs. I-IV assign DGRI the mandate to coordinate international health relations, including WHO engagement. This provides the institutional channel through which Art. 8 consultations would be conducted. No domestic provision specifically operationalises the Art. 8 duty to consult WHO about events not meeting notification thresholds.","procedural gap","medium","preliminary_ai_assisted",""
"MEX_MAP_IHR2005_007_002","IHR-OBL-007","MEX-017-art35-fraccXIX","Reglamento Interior de la Secretaría de Salud","Art. 35, frac. XIX","actor-only","1","strong","weak","weak","none identified","not directly implicated","not directly implicated","The NFP designation in Art. 35 frac. XIX is the primary actor anchor for Art. 8 consultations. No procedure for non-notifiable event sharing with WHO is domestically codified.","procedural gap","medium","preliminary_ai_assisted",""
"MEX_MAP_IHR2005_008_001","IHR-OBL-008","MEX-017-art35-fraccXIX","Reglamento Interior de la Secretaría de Salud","Art. 35, frac. XIX","actor-only","1","strong","weak","weak","none identified","not directly implicated","not directly implicated","The NFP (DGE) is the institutional actor designated to handle WHO verification requests including those arising from non-state source reports under Art. 9(2). However, no domestic norm codifies a 24-hour response procedure, internal escalation protocol, or cross-ministry coordination mechanism for this obligation.","procedural gap","low","requires_human_review","No domestic 24-hour Art. 9(2) procedure found. Actor only."
"MEX_MAP_IHR2005_009_001","IHR-OBL-009","MEX-017-art35-fraccXIX","Reglamento Interior de la Secretaría de Salud","Art. 35, frac. XIX","actor-only","1","strong","weak","weak","none identified","not directly implicated","not directly implicated","DGE as NFP is the designated actor for WHO verification requests under Art. 10(2). No domestic provision specifies the 24-hour response window, internal authorization chain, or coordination procedure between DGE, SRE-DGRI, and relevant state health authorities.","procedural gap","low","requires_human_review","No domestic Art. 10(2) procedure found."
"MEX_MAP_IHR2005_010_001","IHR-OBL-010","MEX_PROV_LGS_ART181_001","Ley General de Salud","Art. 181","indirect statutory","2","partial","partial","partial","partial","not directly implicated","partial","Art. 181 establishes SS authority to deploy emergency response mechanisms, which partially anchors the national-level response capacity required by IHR Art. 13. However, Art. 181 is a reactive emergency power, not a capacity-building mandate. No domestic provision explicitly requires development of IHR Annex 1B response capacities.","regulatory gap","medium","preliminary_ai_assisted",""
"MEX_MAP_IHR2005_010_002","IHR-OBL-010","MEX_PROV_LGS_ART184_001","Ley General de Salud","Art. 184, fracciones I-V","indirect statutory","2","strong","partial","partial","partial","not directly implicated","partial","Art. 184 fracs. II and V assign SS authority to coordinate emergency health response and deploy resources, providing partial anchoring for IHR response capacity. Does not establish time-bound development plans or link to Annex 1 benchmarks.","regulatory gap","medium","preliminary_ai_assisted",""
"MEX_MAP_IHR2005_010_003","IHR-OBL-010","MEX-017-art43-fraccIX","Reglamento Interior de la Secretaría de Salud","Art. 43, frac. IX","indirect statutory","2","strong","partial","partial","weak","not directly implicated","partial","Art. 43 frac. IX of the RISS assigns a CENSIDA/CENAPRECE-equivalent unit emergency response duties including territorial deployment and cross-sector coordination, providing an institutional anchor for IHR response capacity at the national level.","regulatory gap","medium","preliminary_ai_assisted",""
"MEX_MAP_IHR2005_011_001","IHR-OBL-011","NO_MATCH_IDENTIFIED","","","no match identified","0","none identified","none identified","none identified","none identified","not directly implicated","not directly implicated","No domestic provision requires Mexico to conduct or report a formal self-assessment of IHR core capacities as required by Annex 1A par. 2. The obligation to assess and report to WHO on surveillance and response capacity gaps within two years of IHR entry into force is not reflected in any provision in the current corpus.","full gap","high","requires_human_review","No domestic self-assessment mandate found. Full gap confirmed."
"MEX_MAP_IHR2005_012_001","IHR-OBL-012","MEX_PROV_LGS_ART134_001","Ley General de Salud","Art. 134, fracciones I-XIV","indirect statutory","2","partial","partial","partial","weak","not directly implicated","partial","Art. 134 SINAVE mandate covers detection and notification at all levels including primary care and community levels (fracs. IV, V, VI). This provides partial anchoring for Annex 1A par.4 community-level detection capacities. No provision specifies the minimum capacity benchmarks from IHR Annex 1A par.4.","regulatory gap","medium","preliminary_ai_assisted",""
"MEX_MAP_IHR2005_012_002","IHR-OBL-012","MEX_PROV_NOM017_SEC42_001","NOM-017-SSA2-2012, Para la vigilancia epidemiológica","Numeral 4.2–4.3","regulatory","2","strong","partial","partial","partial","not directly implicated","partial","NOM-017 numeral 4.2-4.3 operationalises SINAVE governance at federal, state, and municipal levels, providing the regulatory framework for primary-level surveillance capacity. Does not enumerate Annex 1A par. 4 specific requirements.","regulatory gap","medium","preliminary_ai_assisted",""
"MEX_MAP_IHR2005_013_001","IHR-OBL-013","MEX_PROV_LGS_ART146_001","Ley General de Salud","Art. 146","indirect statutory","2","partial","partial","partial","weak","not directly implicated","partial","Art. 146 authorises SS to establish and maintain public health laboratories for epidemiological confirmation, providing partial anchoring for the laboratory confirmation capacities required by Annex 1A par. 5. Does not specify a national reference laboratory network or inter-laboratory quality standards aligned to IHR.","regulatory gap","medium","preliminary_ai_assisted",""
"MEX_MAP_IHR2005_013_002","IHR-OBL-013","MEX_PROV_NOM017_SEC311_001","NOM-017-SSA2-2012, Para la vigilancia epidemiológica","Numeral 3.1.11–3.1.12","regulatory","2","strong","partial","partial","partial","not directly implicated","partial","NOM-017 numerales 3.1.11-3.1.12 designate CONAVE as the technical-epidemiological body for national disease management and surveillance coordination, providing the intermediate-level institutional structure. Does not specify Annex 1A par. 5 minimum capacities.","regulatory gap","medium","preliminary_ai_assisted",""
"MEX_MAP_IHR2005_014_001","IHR-OBL-014","MEX_PROV_LGS_ART134_001","Ley General de Salud","Art. 134, fracciones I-XIV","indirect statutory","2","strong","partial","partial","partial","not directly implicated","partial","Art. 134 assigns SS the authority to assess all epidemiological events, underpinning the national-level 48-hour assessment capacity required by Annex 1A par. 6. The article does not specify the 48-hour window or IHR risk assessment methodology.","regulatory gap","medium","preliminary_ai_assisted",""
"MEX_MAP_IHR2005_014_002","IHR-OBL-014","MEX_PROV_NOM017_SEC661_001","NOM-017-SSA2-2012, Para la vigilancia epidemiológica","Numeral 6.6.1–6.6.2","regulatory","2","strong","partial","partial","partial","not directly implicated","partial","NOM-017 numeral 6.6.1-6.6.2 specifically assigns DGE as NFP for PHEIC assessment and notification, providing direct regulatory anchoring for national-level event assessment. The 48-hour response window is not domestically codified.","procedural gap","high","preliminary_ai_assisted",""
"MEX_MAP_IHR2005_015_001","IHR-OBL-015","MEX_PROV_LGS_ART181_001","Ley General de Salud","Art. 181","indirect statutory","2","partial","partial","partial","partial","not directly implicated","partial","Art. 181 provides the statutory basis for national emergency health response, including coordination of specialized support resources. Partial anchoring for Annex 1A par. 6 response capacity requirements; no IHR-specific benchmarks.","regulatory gap","medium","preliminary_ai_assisted",""
"MEX_MAP_IHR2005_015_002","IHR-OBL-015","MEX-017-art43-fraccIX","Reglamento Interior de la Secretaría de Salud","Art. 43, frac. IX","indirect statutory","2","strong","partial","partial","partial","not directly implicated","partial","Art. 43 frac. IX assigns territorial emergency response duties to a designated federal health unit, providing partial anchoring for the national response capacity tier. Does not specify IHR-required specialised support (e.g., medical countermeasures, decontamination) or inter-government coordination protocols.","regulatory gap","medium","preliminary_ai_assisted",""
"MEX_MAP_IHR2005_016_001","IHR-OBL-016","MEX_PROV_RISS2025_ART026_001","Reglamento de la Ley General de Salud en Materia de Sanidad Internacional","Art. 26","regulatory","3","strong","partial","partial","partial","not directly implicated","partial","Art. 26 of the RLGS Sanidad Internacional sets minimum infrastructure and staffing requirements for health services at designated ports and airports, directly corresponding to Annex 1B par. 1 continuous capacity requirements. Partial fit because specific IHR Annex 1B items (e.g., accessible medical facilities, secure areas for traveller assessment) are not fully enumerated.","partial regulatory gap","high","preliminary_ai_assisted",""
"MEX_MAP_IHR2005_016_002","IHR-OBL-016","MEX_PROV_RISS2025_ART027_001","Reglamento de la Ley General de Salud en Materia de Sanidad Internacional","Art. 27","regulatory","3","strong","partial","partial","partial","not directly implicated","partial","Art. 27 specifies minimum capacity requirements for PoE health services including permanent health personnel, inspection equipment, and communication. Provides the most detailed domestic anchoring for Annex 1B par. 1 PoE capacity requirements.","partial regulatory gap","high","preliminary_ai_assisted","Most specific domestic anchor for Annex 1B par.1."
"MEX_MAP_IHR2005_016_003","IHR-OBL-016","MEX_PROV_LGS_ART352_001","Ley General de Salud","Art. 352","direct statutory","2","strong","partial","partial","weak","not directly implicated","partial","Art. 352 LGS establishes the legal basis for international sanitary inspection at PoE and assigns COFEPRIS and SS authority, providing the statutory foundation for PoE capacity requirements. Does not specify Annex 1B minimum capacities.","regulatory gap","high","preliminary_ai_assisted",""
"MEX_MAP_IHR2005_017_001","IHR-OBL-017","MEX_PROV_RISS2025_ART026_001","Reglamento de la Ley General de Salud en Materia de Sanidad Internacional","Art. 26","regulatory","2","strong","partial","partial","partial","not directly implicated","partial","Art. 26 provisions for PoE infrastructure and services provide partial anchoring for PHEIC-specific PoE capacities. PHEIC-specific escalation procedures (assessment areas, isolation facilities, rapid conveyance inspection) are not explicitly addressed.","regulatory gap","medium","preliminary_ai_assisted",""
"MEX_MAP_IHR2005_017_002","IHR-OBL-017","MEX_PROV_RISI_ART006_001","Reglamento de la Ley General de Salud en Materia de Sanidad Internacional","Artículo 6o.","regulatory","2","strong","partial","partial","partial","not directly implicated","partial","Art. 6 authorises health-based entry/exit restrictions and special measures at PoE in emergency contexts, providing partial anchoring for PHEIC-response PoE capacities. Does not specify the full range of Annex 1B par. 2 PHEIC capacities (e.g., referred care pathways, vector surveillance at PoE).","partial regulatory gap","medium","preliminary_ai_assisted",""
"MEX_MAP_IHR2005_018_001","IHR-OBL-018","MEX_PROV_LGS_ART352_001","Ley General de Salud","Art. 352","direct statutory","2","strong","partial","partial","weak","not directly implicated","partial","Art. 352 LGS constitutes the primary statutory basis for Mexico's international sanitary inspection system at PoE, providing partial anchoring for the Art. 19 IHR obligation to develop and maintain Annex 1 PoE capacities. No time-bound capacity development plan is required domestically.","regulatory gap","high","preliminary_ai_assisted",""
"MEX_MAP_IHR2005_018_002","IHR-OBL-018","MEX_PROV_RISS2025_ART010_001","Reglamento de la Ley General de Salud en Materia de Sanidad Internacional","Art. 10","regulatory","2","strong","partial","partial","partial","not directly implicated","partial","Art. 10 designates and lists the airports, ports, and ground crossings where full IHR Annex 1 capacity requirements apply. Directly implements the IHR Art. 19/20 designation requirement at the regulatory level. Does not specify capacity development timelines.","partial regulatory gap","high","preliminary_ai_assisted",""
"MEX_MAP_IHR2005_019_001","IHR-OBL-019","MEX_PROV_RISS2025_ART010_001","Reglamento de la Ley General de Salud en Materia de Sanidad Internacional","Art. 10","regulatory","3","strong","strong","partial","partial","not directly implicated","partial","Art. 10 explicitly lists the designated international airports, seaports, and land border crossings for IHR Annex 1 capacity development, directly implementing the Art. 20(1) designation obligation. The list mechanism is in place; updating procedures and formal communication to WHO of the list are not fully specified domestically.","procedural gap","high","preliminary_ai_assisted","Strongest single domestic anchor for IHR Art. 20 designation."
"MEX_MAP_IHR2005_019_002","IHR-OBL-019","MEX_PROV_LGS_ART352_001","Ley General de Salud","Art. 352","indirect statutory","2","strong","partial","partial","weak","not directly implicated","partial","Art. 352 provides the statutory mandate for international sanitary control at PoE, which is the legal basis underlying the Art. 10 RLGS designation mechanism.","none","high","preliminary_ai_assisted","Supporting statutory anchor for OBL-019."
"MEX_MAP_IHR2005_020_001","IHR-OBL-020","MEX_PROV_RISS2025_ART044_001","Reglamento de la Ley General de Salud en Materia de Sanidad Internacional","Art. 44","regulatory","1","partial","weak","weak","weak","not directly implicated","not directly implicated","Art. 44 assigns duties to conveyance operators and addresses inspection of ships at PoE, providing a contextual anchor for ship sanitation certification. However, specific Ship Sanitation Control Exemption Certificate and Ship Sanitation Control Certificate (SSCEC/SSCC) procedures, formats, and issuing authority are not specified in the corpus.","regulatory gap","low","requires_human_review","No domestic provision found specifically governing SSCEC/SSCC issuance."
"MEX_MAP_IHR2005_021_001","IHR-OBL-021","MEX_PROV_LGS_ART359_001","Ley General de Salud","Art. 359","indirect statutory","1","partial","weak","weak","none identified","not directly implicated","not directly implicated","Art. 359 LGS establishes notification requirements for international health events, which provides contextual anchoring for the Art. 20(3) obligation to notify WHO of ports authorized to issue ship sanitation certificates. No domestic provision specifies the WHO notification procedure or the maintenance of an authorized-ports list.","procedural gap","low","requires_human_review","No domestic authorized-ports list mechanism found for Art. 20(3)."
"MEX_MAP_IHR2005_022_001","IHR-OBL-022","MEX_PROV_RISS2025_ART026_001","Reglamento de la Ley General de Salud en Materia de Sanidad Internacional","Art. 26","regulatory","2","strong","partial","partial","partial","not directly implicated","partial","Art. 26 includes ground crossing health services in the minimum PoE capacity framework, providing partial anchoring for Art. 21 ground crossing designation. Land border health infrastructure requirements are less detailed than those for airports and ports.","partial regulatory gap","medium","preliminary_ai_assisted","Ground crossing provisions less developed than airport/port provisions."
"MEX_MAP_IHR2005_022_002","IHR-OBL-022","MEX_PROV_LADUANERA_ART003_001","Ley Aduanera","Art. 3o.","coordination","1","partial","weak","partial","weak","not directly implicated","partial","Art. 3 Ley Aduanera assigns the SAT-Aduana exclusive competence over ground crossings for customs purposes and mandates coordination with other authorities including SS. Provides a coordination anchor for health authority function at ground crossings, but no health capacity requirements are specified.","coordination gap","medium","preliminary_ai_assisted",""
"MEX_MAP_IHR2005_023_001","IHR-OBL-023","MEX_PROV_LGS_ART017BIS_001","Ley General de Salud","Art. 17 Bis, fracción IX","direct statutory","2","strong","partial","partial","partial","not directly implicated","partial","Art. 17 Bis frac. IX designates COFEPRIS as the IHR-relevant sanitary authority at PoE, providing the statutory basis for the Art. 22(1) competent authority designation. COFEPRIS-SS coordination for Art. 22 functions is not procedurally specified.","procedural gap","high","preliminary_ai_assisted",""
"MEX_MAP_IHR2005_023_002","IHR-OBL-023","MEX_PROV_RISS2025_ART044_001","Reglamento de la Ley General de Salud en Materia de Sanidad Internacional","Art. 44","regulatory","2","strong","partial","partial","partial","not directly implicated","partial","Art. 44 RLGS Sanidad Internacional assigns duties for conveyance inspection, cargo monitoring, and health measures at PoE, directly corresponding to the Art. 22(1) competent authority functions. Specific IHR Art. 22 functions (vector surveillance, decontamination, baggage inspection) are partially addressed.","partial regulatory gap","high","preliminary_ai_assisted",""
"MEX_MAP_IHR2005_024_001","IHR-OBL-024","MEX_PROV_CPEUM_ART014_001","Constitución Política de los Estados Unidos Mexicanos","Art. 14, párrafos 1-2","contextual constitutional","2","partial","partial","none identified","partial","strong","not directly implicated","Art. 14 CPEUM guarantees due process and prohibits deprivation of rights without fair legal process, providing the constitutional constraint on compulsory health measures under IHR Art. 23(3). Rights safeguard fit is strong at the constitutional level, but specific procedural guarantees for travellers subject to health measures are not operationalised in implementing legislation.","rights safeguard gap","high","preliminary_ai_assisted",""
"MEX_MAP_IHR2005_024_002","IHR-OBL-024","MEX_PROV_LGS_ART139_001","Ley General de Salud","Art. 139, fracciones I-VIII","indirect statutory","2","partial","partial","partial","partial","strong","partial","Art. 139 LGS authorises isolation, quarantine, and other health security measures and specifies the legal conditions for their application. Provides partial rights-safeguard anchoring through the requirement for legal justification. Does not address the specific Art. 23(3) requirement that no health measure be applied without the traveller's informed assent and adequate information.","rights safeguard gap","medium","preliminary_ai_assisted",""
"MEX_MAP_IHR2005_025_001","IHR-OBL-025","MEX_PROV_RISS2025_ART069_001","Reglamento de la Ley General de Salud en Materia de Sanidad Internacional","Art. 69","regulatory","2","partial","partial","partial","partial","strong","not directly implicated","Art. 69 RLGS governs isolation procedures including traveller treatment, providing partial anchoring for the duty to inform travellers of health measures and alternatives under IHR Art. 23(4). Does not specify the information-provision obligation or the right to refuse.","rights safeguard gap","medium","preliminary_ai_assisted",""
"MEX_MAP_IHR2005_025_002","IHR-OBL-025","MEX_PROV_RISS2025_ART070_001","Reglamento de la Ley General de Salud en Materia de Sanidad Internacional","Art. 70","regulatory","2","partial","partial","partial","partial","strong","not directly implicated","Art. 70 RLGS governs quarantine procedures including traveller notification, providing contextual anchoring for the duty to inform travellers. Does not explicitly address the IHR Art. 23(4) right to informed consent before prophylaxis.","rights safeguard gap","medium","preliminary_ai_assisted",""
"MEX_MAP_IHR2005_026_001","IHR-OBL-026","MEX_PROV_RISS2025_ART044_001","Reglamento de la Ley General de Salud en Materia de Sanidad Internacional","Art. 44","regulatory","2","strong","partial","partial","partial","not directly implicated","not directly implicated","Art. 44 is the primary domestic anchor for conveyance operator obligations, assigning duties for vessel/aircraft health compliance and data provision to authorities. IHR Art. 24(1) specific operator obligations (carriage of sick persons, decontamination cooperation, provision of health documents) are partially addressed.","partial regulatory gap","high","preliminary_ai_assisted",""
"MEX_MAP_IHR2005_026_002","IHR-OBL-026","MEX_PROV_LADUANERA_ART007_001","Ley Aduanera","Art. 7o.","indirect statutory","1","partial","weak","partial","weak","not directly implicated","not directly implicated","Art. 7 Ley Aduanera requires advance passenger and cargo information from conveyance operators, providing an indirect anchoring for the data-sharing obligations of conveyance operators. The health-specific obligations of conveyance operators under IHR Art. 24(1) are not addressed.","regulatory gap","medium","preliminary_ai_assisted",""
"MEX_MAP_IHR2005_027_001","IHR-OBL-027","MEX_PROV_RISS2025_ART068_001","Reglamento de la Ley General de Salud en Materia de Sanidad Internacional","Art. 68","regulatory","2","strong","partial","partial","partial","not directly implicated","not directly implicated","Art. 68 lists the health security measures available to authorities at PoE including inspection, disinsection, deratization, and decontamination of conveyances, providing partial anchoring for Art. 27(1) measures applicable to affected conveyances. The provision does not specify the procedural steps or traveller treatment requirements for affected conveyance scenarios.","procedural gap","medium","preliminary_ai_assisted",""
"MEX_MAP_IHR2005_027_002","IHR-OBL-027","MEX_PROV_RISS2025_ART069_001","Reglamento de la Ley General de Salud en Materia de Sanidad Internacional","Art. 69","regulatory","2","partial","partial","partial","partial","partial","not directly implicated","Art. 69 governs isolation procedures for persons from affected conveyances, providing anchoring for the traveller component of IHR Art. 27(1). Specific conveyance-health measures procedure is not fully developed.","procedural gap","medium","preliminary_ai_assisted",""
"MEX_MAP_IHR2005_028_001","IHR-OBL-028","MEX_PROV_RISS2025_ART069_001","Reglamento de la Ley General de Salud en Materia de Sanidad Internacional","Art. 69","regulatory","2","strong","partial","partial","partial","partial","not directly implicated","Art. 69 provides the domestic procedure for isolating travellers who may pose a public health risk, partially anchoring Art. 30 public health observation obligations. The specific IHR Art. 30 right of the suspect traveller to continue travel while under observation is not addressed.","rights safeguard gap","medium","preliminary_ai_assisted",""
"MEX_MAP_IHR2005_028_002","IHR-OBL-028","MEX_PROV_RISS2025_ART070_001","Reglamento de la Ley General de Salud en Materia de Sanidad Internacional","Art. 70","regulatory","2","partial","partial","partial","partial","partial","not directly implicated","Art. 70 quarantine provisions provide regulatory anchoring for public health observation of suspect travellers. Does not specify the IHR Art. 30 traveller right to travel onward to another State Party that assumes observation responsibilities.","procedural gap","medium","preliminary_ai_assisted",""
"MEX_MAP_IHR2005_029_001","IHR-OBL-029","MEX_PROV_CPEUM_ART014_001","Constitución Política de los Estados Unidos Mexicanos","Art. 14, párrafos 1-2","contextual constitutional","2","partial","partial","none identified","partial","strong","not directly implicated","Art. 14 CPEUM prohibition on non-consensual deprivation of rights provides the constitutional floor against compulsory invasive health measures. However, no domestic provision directly mirrors the IHR Art. 31(1) presumption that invasive measures shall not be required for entry or travel.","rights safeguard gap","medium","preliminary_ai_assisted",""
"MEX_MAP_IHR2005_029_002","IHR-OBL-029","MEX_PROV_LGS_ART139_001","Ley General de Salud","Art. 139, fracciones I-VIII","indirect statutory","2","partial","partial","partial","partial","strong","partial","Art. 139 LGS provides the statutory authorization for health security measures and implicitly constrains their application to legally justified circumstances, providing partial rights safeguard anchoring. Does not explicitly prohibit compulsory invasive measures without consent as specified in IHR Art. 31(1).","rights safeguard gap","medium","preliminary_ai_assisted",""
"MEX_MAP_IHR2005_030_001","IHR-OBL-030","MEX_PROV_LGS_ART139_001","Ley General de Salud","Art. 139, fracciones I-VIII","indirect statutory","2","strong","partial","partial","partial","partial","partial","Art. 139 LGS authorises health security measures including detention of suspected cases where there is a public health risk, providing partial anchoring for the Art. 31(2) authority to deny entry or apply least-invasive alternatives when a traveller refuses required health measures.","partial regulatory gap","medium","preliminary_ai_assisted",""
"MEX_MAP_IHR2005_030_002","IHR-OBL-030","MEX_PROV_RISS2025_ART068_001","Reglamento de la Ley General de Salud en Materia de Sanidad Internacional","Art. 68","regulatory","2","strong","partial","partial","partial","partial","not directly implicated","Art. 68 lists available health security measures at PoE, providing the regulatory toolkit for application of alternative measures when travellers refuse health examinations. Does not specify the balancing test or procedural safeguards required by IHR Art. 31(2).","procedural gap","medium","preliminary_ai_assisted",""
"MEX_MAP_IHR2005_031_001","IHR-OBL-031","MEX_PROV_CPEUM_ART001_001","Constitución Política de los Estados Unidos Mexicanos","Art. 1o.","contextual constitutional","2","partial","none identified","none identified","partial","strong","not directly implicated","Art. 1 CPEUM establishes the human dignity and non-discrimination principles that underpin the IHR Art. 32 obligation to treat travellers with respect, dignity, and without discrimination. Constitutional anchoring is strong but no implementing health-sector regulation specifically addresses traveller dignity in health measure contexts.","rights safeguard gap","high","preliminary_ai_assisted",""
"MEX_MAP_IHR2005_031_002","IHR-OBL-031","MEX_PROV_RISS2025_ART069_001","Reglamento de la Ley General de Salud en Materia de Sanidad Internacional","Art. 69","regulatory","2","partial","partial","partial","partial","partial","not directly implicated","Art. 69 isolation provisions include procedural requirements for how isolation is to be carried out, providing partial regulatory anchoring for the IHR Art. 32 treatment standards. The specific IHR Art. 32 requirements (adequate food/water, communication with family/consular officials, appropriate medical treatment) are not specified.","rights safeguard gap","medium","preliminary_ai_assisted",""
"MEX_MAP_IHR2005_032_001","IHR-OBL-032","MEX_PROV_RISS2025_ART009_001","Reglamento de la Ley General de Salud en Materia de Sanidad Internacional","Art. 9","regulatory","2","strong","partial","partial","partial","not directly implicated","not directly implicated","Art. 9 RLGS corresponds to IHR documentation requirements at PoE and governs which health documents can be required from ships and aircraft. Provides partial anchoring for the Art. 35 prohibition on requiring health documents other than those provided in the IHR. A comprehensive domestic prohibition on non-IHR health documents is not explicit.","regulatory gap","medium","preliminary_ai_assisted",""
"MEX_MAP_IHR2005_033_001","IHR-OBL-033","MEX_PROV_RISI_ART003_001","Reglamento de la Ley General de Salud en Materia de Sanidad Internacional","Artículo 3o.","regulatory","1","partial","weak","weak","weak","not directly implicated","not directly implicated","Art. 3 RLGS Sanidad Internacional establishes the WHO/IHR normative hierarchy as directly applicable, which contextually anchors the IHR Annex 6 vaccine standards for prophylaxis under Art. 36. However, no domestic provision specifically requires vaccines administered under IHR to conform to Annex 6 specifications or WHO recommendations.","regulatory gap","low","requires_human_review","No specific Annex 6 domestic implementation found."
"MEX_MAP_IHR2005_034_001","IHR-OBL-034","MEX_PROV_RISS2025_ART009_001","Reglamento de la Ley General de Salud en Materia de Sanidad Internacional","Art. 9","regulatory","2","strong","partial","partial","partial","not directly implicated","not directly implicated","Art. 9 RLGS lists required maritime health documentation and governs its use at designated ports, partially anchoring the Art. 37 Maritime Declaration of Health obligation. Specific form, content requirements, and submission timing for the Maritime Declaration are not specified in the domestic corpus.","procedural gap","medium","preliminary_ai_assisted",""
"MEX_MAP_IHR2005_035_001","IHR-OBL-035","MEX_PROV_RISS2025_ART009_001","Reglamento de la Ley General de Salud en Materia de Sanidad Internacional","Art. 9","regulatory","2","strong","partial","partial","partial","not directly implicated","not directly implicated","Art. 9 RLGS governs aviation health documentation at designated international airports, partially anchoring Art. 38 Aircraft General Declaration requirements. Art. 5 RLGS definition of aeronautical terms provides definitional anchoring. Specific form and completion requirements for the Health Part are not domestically codified.","procedural gap","medium","preliminary_ai_assisted",""
"MEX_MAP_IHR2005_036_001","IHR-OBL-036","MEX_PROV_RISS2025_ART044_001","Reglamento de la Ley General de Salud en Materia de Sanidad Internacional","Art. 44","regulatory","1","partial","weak","weak","weak","not directly implicated","not directly implicated","Art. 44 covers conveyance inspections and health measures at PoE, contextually anchoring the ship certificate framework. Specific provisions on the 6-month validity period, exemption certificate duration, renewal procedures, and recognition of foreign certificates under IHR Art. 39 are not found in the corpus.","regulatory gap","low","requires_human_review","No domestic SSCEC/SSCC issuance or renewal procedure found."
"MEX_MAP_IHR2005_037_001","IHR-OBL-037","NO_MATCH_IDENTIFIED","","","no match identified","0","none identified","none identified","none identified","none identified","not directly implicated","not directly implicated","No domestic provision found that specifically prohibits charging travellers for personal health measures (examination, vaccination, prophylaxis, health documents) required under IHR Art. 40. The corpus does not contain a traveller health measures fee framework.","full gap","high","requires_human_review","Full gap. No domestic Art. 40 implementation found."
"MEX_MAP_IHR2005_038_001","IHR-OBL-038","MEX_PROV_LADUANERA_ART056_001","Ley Aduanera","Art. 56, párrafo 4 (regulaciones y restricciones no arancelarias / sanidad)","contextual constitutional","1","partial","weak","weak","weak","not directly implicated","partial","Art. 56 para. 4 Ley Aduanera references health-based non-tariff restrictions on goods and cargo, providing a contextual anchor for the regulatory framework within which health charges on goods might be assessed. No domestic provision establishes a published schedule of charges for health measures applied to goods, cargo, or containers as required by IHR Art. 41.","full gap","low","requires_human_review","No domestic charge schedule for Art. 41 implementation found."
"MEX_MAP_IHR2005_039_001","IHR-OBL-039","MEX_PROV_CPEUM_ART001_001","Constitución Política de los Estados Unidos Mexicanos","Art. 1o.","contextual constitutional","2","partial","none identified","none identified","partial","strong","not directly implicated","Art. 1 CPEUM prohibits discrimination on any ground including nationality and health status, providing the constitutional non-discrimination mandate that underpins IHR Art. 42. Constitutional anchoring is strong; no health-sector implementing provision specifically addresses the non-discriminatory and prompt initiation requirements for health measures.","rights safeguard gap","high","preliminary_ai_assisted",""
"MEX_MAP_IHR2005_039_002","IHR-OBL-039","MEX_PROV_LGS_ART139_001","Ley General de Salud","Art. 139, fracciones I-VIII","indirect statutory","1","partial","partial","partial","partial","partial","partial","Art. 139 LGS conditions health security measures on legal justification and proportionality, providing partial anchoring for the Art. 42 prompt and non-discriminatory application requirement. No explicit non-discrimination clause or timeliness standard for health measures is specified.","procedural gap","medium","preliminary_ai_assisted",""
"MEX_MAP_IHR2005_040_001","IHR-OBL-040","MEX_PROV_LGS_ART181_001","Ley General de Salud","Art. 181","indirect statutory","2","strong","partial","partial","partial","partial","partial","Art. 181 LGS authorises SS to declare emergency health measures beyond the standard framework, providing partial anchoring for the Art. 43(1) authority to implement additional health measures achieving equivalent or greater protection. The requirement that such measures be science-based, non-unduly-burdensome, and proportionate to health risk is not domestically specified.","regulatory gap","medium","preliminary_ai_assisted",""
"MEX_MAP_IHR2005_040_002","IHR-OBL-040","MEX_PROV_LGS_ART184_001","Ley General de Salud","Art. 184, fracciones I-V","indirect statutory","2","strong","partial","partial","partial","partial","partial","Art. 184 fracs. I-V provide the emergency health measures toolkit (quarantine, isolation, movement restriction, vaccination campaigns), partially anchoring the Art. 43(1)-(2) additional measures authority. Does not specify the IHR-required scientific basis, proportionality, and WHO notification duties that accompany additional measures.","regulatory gap","medium","preliminary_ai_assisted",""
"MEX_MAP_IHR2005_041_001","IHR-OBL-041","MEX-017-art35-fraccXIX","Reglamento Interior de la Secretaría de Salud","Art. 35, frac. XIX","actor-only","1","strong","weak","weak","none identified","not directly implicated","not directly implicated","The NFP (DGE) is the institutional actor through which Art. 43(3)+(5) reporting obligations to WHO would be discharged. No domestic provision establishes a procedure for notifying WHO of additional health measures implemented beyond IHR requirements, nor for the 48-hour reporting window under Art. 43(3).","procedural gap","low","requires_human_review","No domestic Art. 43(3)/(5) reporting procedure found."
"MEX_MAP_IHR2005_042_001","IHR-OBL-042","MEX_PROV_LGS_ART184_001","Ley General de Salud","Art. 184, fracciones I-V","indirect statutory","1","partial","weak","weak","weak","not directly implicated","partial","Art. 184 implicitly requires that emergency health measures be reviewed and lifted when the health risk no longer justifies them, contextually anchoring the Art. 43(6) review obligation. No domestic provision specifies a 3-month periodic review of additional IHR measures or the WHO reporting duty triggered by such review.","procedural gap","low","requires_human_review","No domestic Art. 43(6) review procedure found."
"MEX_MAP_IHR2005_043_001","IHR-OBL-043","MEX-017-art33-fraccI-IV","Reglamento Interior de la Secretaría de Salud","Art. 33, fracs. I-IV","coordination","2","strong","partial","partial","partial","not directly implicated","partial","Art. 33 fracs. I-IV assign DGRI the mandate to coordinate bilateral and multilateral health cooperation, engage with WHO, and manage international technical assistance requests, providing institutional anchoring for Art. 44(1) collaboration obligations. No provision specifies the types of collaboration (surveillance, response, access to medical countermeasures) required by Art. 44(1).","regulatory gap","medium","preliminary_ai_assisted",""
"MEX_MAP_IHR2005_043_002","IHR-OBL-043","MEX_PROV_LOAPF_ART028_001","Ley Orgánica de la Administración Pública Federal","Artículo 28","indirect statutory","2","strong","partial","partial","weak","not directly implicated","partial","Art. 28 LOAPF assigns SRE the competence to negotiate and represent Mexico in international agreements, providing the institutional anchor for treaty-based collaboration under IHR Art. 44. The health sector-specific coordination dimension is addressed through DGRI (Art. 33) rather than SRE alone.","coordination gap","medium","preliminary_ai_assisted",""
"MEX_MAP_IHR2005_044_001","IHR-OBL-044","MEX_PROV_LGPDPPSO_ART016_001","Ley General de Protección de Datos Personales en Posesión de Sujetos Obligados","Artículo 16","direct statutory","3","strong","strong","partial","strong","strong","partial","Art. 16 LGPDPPSO establishes the emergency exception for processing health-related personal data while maintaining safeguards, directly anchoring the IHR Art. 45 framework for collecting and using personal health information collected under IHR obligations. Strong rights safeguard fit; coordination with data subject rights procedures is partial.","partial regulatory gap","high","preliminary_ai_assisted","Strongest single domestic anchor for IHR Art. 45."
"MEX_MAP_IHR2005_044_002","IHR-OBL-044","MEX_PROV_CPEUM_ART016_001","Constitución Política de los Estados Unidos Mexicanos","Art. 16, párrafos 1-2","contextual constitutional","2","partial","partial","none identified","partial","strong","not directly implicated","Art. 16 CPEUM establishes the constitutional right to data protection, providing the apex constitutional anchor for the Art. 45 obligation to protect personal health data. Constitutional rights are strong; operational data management rules are governed by LGPDPPSO.","none","high","preliminary_ai_assisted","Supporting constitutional anchor for OBL-044."
"MEX_MAP_IHR2005_045_001","IHR-OBL-045","MEX_PROV_RLGS_INV_ART011_001","Reglamento de la Ley General de Salud en Materia de Investigación para la Salud","Art. 11","indirect statutory","1","weak","weak","weak","none identified","not directly implicated","not directly implicated","Art. 11 RLGS Investigación addresses international research collaboration including the sharing of biological samples and research results, providing a weak contextual anchor for IHR Art. 46 obligations on facilitation of access to biological substances and diagnostic reagents. No domestic provision specifically implements the IHR Art. 46 obligation to facilitate import/export of biological substances for public health response purposes.","full gap","low","requires_human_review","No specific Art. 46 domestic implementation found in corpus."
