clave,anio,titulo,fecha_aprobacion,observaciones,estatus,pdfs
CD-LXVI-I-1P-001,I,"PROYECTO de Decreto por el que se reforman, adicionan y derogan diversas disposiciones de la Constitución Política de los Estados Unidos Mexicanos, en materia de reforma del Poder Judicial.",03-Sep-2024,Aprobado por el Senado el 10-Sep-2024. Pasa a las Legislaturas de los Estados. Declaratoria de la Cámara de Senadores el 13-Sep-2024. Declaratoria de la Cámara de Diputados el 13-Sep-2024. Pasa al Ejecutivo Federal. Publicado en el DOF el 15-Sep-2024.,publicada_dof,66/CD-LXVI-I-1P-001/01_minuta_001_03sep24.pdf;66/CD-LXVI-I-1P-001/02_dictamen_001_03sep24.pdf;66/CD-LXVI-I-1P-001/03_dof_001_15sep24.pdf
CD-LXVI-I-1P-002,I,"PROYECTO de Decreto por el que se reforma, adiciona y deroga el artículo 2o. de la Constitución Política de los Estados Unidos Mexicanos, en materia de pueblos y comunidades indígenas y afromexicanos .",18-Sep-2024,Aprobado por el Senado el 24-Sep-2024. Pasa a las Legislaturas de los Estados. Declaratoria de la Cámara de Senadores el 29-Sep-2024. Declaratoria de la Cámara de Diputados el 29-Sep-2024. Pasa al Ejecutivo Federal. Publicado en el DOF el 30-Sep-2024.,publicada_dof,66/CD-LXVI-I-1P-002/01_minuta_002_18sep24.pdf;66/CD-LXVI-I-1P-002/02_dictamen_002_18sep24.pdf;66/CD-LXVI-I-1P-002/03_dof_002_30sep24.pdf
CD-LXVI-I-1P-003,I,"PROYECTO de Decreto por el que se reforman y adicionan los artículos 13, 16, 21, 32, 55, 73, 76, 78, 82, 89, 123 y 129 de la Constitución Política de los Estados Unidos Mexicanos, en materia de guardia nacional.",19-Sep-2024,Aprobado por el Senado el 24-Sep-2024. Pasa a las Legislaturas de los Estados. Declaratoria de la Cámara de Senadores el 29-Sep-2024. Declaratoria de la Cámara de Diputados el 29-Sep-2024. Pasa al Ejecutivo Federal. Publicado en el DOF el 30-Sep-2024.,publicada_dof,66/CD-LXVI-I-1P-003/01_minuta_003_19sep24.pdf;66/CD-LXVI-I-1P-003/02_dictamen_003_19sep24.pdf;66/CD-LXVI-I-1P-003/01_modifica_003_19abr24.pdf;66/CD-LXVI-I-1P-003/03_dof_003_30sep24.pdf
CD-LXVI-I-1P-004,I,"PROYECTO de Decreto por el que se reforma el primer párrafo de la fracción VI del Apartado A y se adiciona un tercer párrafo a la fracción IV del Apartado B del artículo 123 de la Constitución Política de los Estados Unidos Mexicanos, en materia de salarios .",24-Sep-2024,Aprobado por el Senado el 09-Oct-2024. Pasa a las Legislaturas de los Estados. Declaratoria pendiente en la Cámara de Senadores.,en_revisora,66/CD-LXVI-I-1P-004/01_minuta_004_24sep24.pdf;66/CD-LXVI-I-1P-004/02_dictamen_004_24sep24.pdf
CD-LXVI-I-1P-005,I,"PROYECTO de Decreto por el que se adiciona un segundo párrafo al artículo 123 de la Constitución Política de los Estados Unidos Mexicanos, en materia de apoyo a jóvenes.",25-Sep-2024,Aprobado por el Senado el 11-Mar-2025. Pasa a las Legislaturas de los Estados. Declaratoria de la Cámara de Senadores el 19-Mar-2025. Declaratoria de la Cámara de Diputados el 19-Mar-2025. Pasa al Ejecutivo Federal. Publicado en el DOF el 01-Abr-2025.,publicada_dof,66/CD-LXVI-I-1P-005/01_minuta_005_25sep24.pdf;66/CD-LXVI-I-1P-005/02_dictamen_005_25sep24.pdf;66/CD-LXVI-I-1P-005/03_dof_005_01abr25.pdf
CD-LXVI-I-1P-006,I,PROYECTO de Decreto por el que se reforman y adicionan diversas disposiciones de la Ley Federal del Trabajo .,02-Oct-2024,Aprobado por el Senado el 04-Dic-2024. Pasa al Ejecutivo Federal. Publicado en el DOF el 19-Dic-2024.,publicada_dof,66/CD-LXVI-I-1P-006/01_minuta_006_02oct24.pdf;66/CD-LXVI-I-1P-006/02_iniciativa_006_02oct24.pdf;66/CD-LXVI-I-1P-006/03_dof_19dic24.pdf
CD-LXVI-I-1P-007,I,"PROYECTO de Decreto por el que se reforma el párrafo cuarto y se adiciona un párrafo quinto al artículo 28 de la Constitución Política de los Estados Unidos Mexicanos, en materia de vías y transporte ferroviario.",08-Oct-2024,Aprobado por el Senado el 16-Oct-2024. Pasa a las Legislaturas de los Estados. Declaratoria de la Cámara de Senadores el 24-Oct-2024. Declaratoria de la Cámara de Diputados el 29-Oct-2024. Pasa al Ejecutivo Federal. Publicado en el DOF el 30-Oct-2024.,publicada_dof,66/CD-LXVI-I-1P-007/01_minuta_007_08oct24.pdf;66/CD-LXVI-I-1P-007/02_dictamen_007_08oct24.pdf;66/CD-LXVI-I-1P-007/03_dof_30oct24.pdf
CD-LXVI-I-1P-008,I,"PROYECTO de Decreto por el que se reforman el párrafo quinto del artículo 25, los párrafos sexto y séptimo del artículo 27 y el párrafo cuarto del artículo 28 de la Constitución Política de los Estados Unidos Mexicanos, en materia de áreas y empresas estratégicas .",09-Oct-2024,Aprobado por el Senado el 16-Oct-2024. Pasa a las Legislaturas de los Estados. Declaratoria de la Cámara de Senadores el 24-Oct-2024. Declaratoria de la Cámara de Diputados el 29-Oct-2024. Pasa al Ejecutivo Federal. Publicado en el DOF el 31-Oct-2024.,publicada_dof,66/CD-LXVI-I-1P-008/01_minuta_008_09oct24.pdf;66/CD-LXVI-I-1P-008/02_dictamen_008_09oct24.pdf;66/CD-LXVI-I-1P-008/01_modifica_008_09oct24.pdf;66/CD-LXVI-I-1P-008/03_dof_31oct24.pdf
CD-LXVI-I-1P-009,I,"PROYECTO de Decreto por el que se reforman y adicionan los artículos 4o. y 27 de la Constitución Política de los Estados Unidos Mexicanos, en materia de bienestar.",22-Oct-2024,Aprobado por el Senado el 30-Oct-2024. Pasa a las Legislaturas de los Estados. Declaratoria de la Cámara de Senadores el 06-Nov-2024. Declaratoria de la Cámara de Diputados el 26-Nov-2024. Pasa al Ejecutivo Federal. Publicado en el DOF el 02-Dic-2024.,publicada_dof,66/CD-LXVI-I-1P-009/01_minuta_009_22oct24.pdf;66/CD-LXVI-I-1P-009/02_dictamen_009_22oct24.pdf;66/CD-LXVI-I-1P-009/01_modifica_009_22oct24.pdf;66/CD-LXVI-I-1P-009/03_dof_02dic24.pdf
CD-LXVI-I-1P-010,I,"PROYECTO de Decreto por el que se reforma y adiciona la fracción XII del Apartado A del artículo 123 de la Constitución Política de los Estados Unidos Mexicanos, en materia de vivienda para las personas trabajadoras .",23-Oct-2024,Aprobado por el Senado el 31-Oct-2024. Pasa a las Legislaturas de los Estados. Declaratoria de la Cámara de Senadores el 06-Nov-2024. Declaratoria de la Cámara de Diputados el 26-Nov-2024. Pasa al Ejecutivo Federal. Publicado en el DOF el 02-Dic-2024.,publicada_dof,66/CD-LXVI-I-1P-010/01_minuta_010_23oct24.pdf;66/CD-LXVI-I-1P-010/02_dictamen_010_23oct24.pdf;66/CD-LXVI-I-1P-010/03_dof_02dic24.pdf
CD-LXVI-I-1P-011,I,"PROYECTO de Decreto por el que se reforman y adicionan los artículos 3o., 4o. y 73 de la Constitución Política de los Estados Unidos Mexicanos, en materia de protección y cuidado animal.",12-Nov-2024,Aprobado por el Senado el 21-Nov-2024. Pasa a las Legislaturas de los Estados. Declaratoria de la Cámara de Senadores el 26-Nov-2024. Declaratoria de la Cámara de Diputados el 26-Nov-2024. Pasa al Ejecutivo Federal. Publicado en el DOF el 02-Dic-2024.,publicada_dof,66/CD-LXVI-I-1P-011/01_minuta_011_12nov24.pdf;66/CD-LXVI-I-1P-011/02_dictamen_011_12nov24.pdf;66/CD-LXVI-I-1P-011/01_modifica_011_12nov24.pdf;66/CD-LXVI-I-1P-011/03_dof_02dic24.pdf
CD-LXVI-I-1P-012,I,"PROYECTO de Decreto por el que se reforman, adicionan y derogan diversas disposiciones de la Ley Orgánica de la Administración Pública Federal .",13-Nov-2024,Aprobado por el Senado el 26-Nov-2024. Pasa al Ejecutivo Federal. Publicado en el DOF el 28-Nov-2024.,publicada_dof,66/CD-LXVI-I-1P-012/01_minuta_012_13nov24.pdf;66/CD-LXVI-I-1P-012/02_dictamen_012_13nov24.pdf;66/CD-LXVI-I-1P-012/01_modifica_012_13nov24.pdf;66/CD-LXVI-I-1P-012/03_dof_28nov24.pdf
CD-LXVI-I-1P-013,I,"PROYECTO de Decreto por el que se reforma el párrafo segundo del artículo 19 de la Constitución Política de los Estados Unidós Mexicanos, en materia de prisión preventiva oficiosa.",13-Nov-2024,Aprobado por el Senado el 27-Nov-2024. Pasa a las Legislaturas de los Estados. Declaratoria de la Cámara de Senadores el 03-Dic-2024. Declaratoria de la Cámara de Diputados el 03-Dic-2024. Pasa al Ejecutivo Federal. Publicado en el DOF 31-Dic-2024.,publicada_dof,66/CD-LXVI-I-1P-013/01_minuta_013_13nov24.pdf;66/CD-LXVI-I-1P-013/02_dictamen_013_13nov24.pdf;66/CD-LXVI-I-1P-013/01_modifica_013_13nov24.pdf;66/CD-LXVI-I-1P-013/03_dof_013_31dic24.pdf
CD-LXVI-I-1P-014,I,"PROYECTO de Decreto por el que se reforman, adicionan y derogan diversas disposiciones de la Constitución Política de los Estados Unidos Mexicanos, en materia de simplificación orgánica .",20-Nov-2024,Aprobado por el Senado el 28-Nov-2024. Pasa a las Legislaturas de los Estados. Declaratoria de la Cámara de Senadores el 03-Dic-2024. Declaratoria de la Cámara de Diputados el 10-Dic-2024. Pasa al Ejecutivo Federal. Publicado en el DOF el 20-Dic-2024.,publicada_dof,66/CD-LXVI-I-1P-014/01_minuta_014_20nov24.pdf;66/CD-LXVI-I-1P-014/02_dictamen_014_20nov24.pdf;66/CD-LXVI-I-1P-014/01_modifica_014_20nov24.pdf;66/CD-LXVI-I-1P-014/03_dof_20dic24.pdf
CD-LXVI-I-1P-015,I,"PROYECTO de Decreto por el que se reforman, adicionan y derogan diversas disposiciones de la Ley Federal de Derechos.",26-Nov-2024,Aprobado por el Senado el 03-Dic-2024. Pasa al Ejecutivo Federal. Publicado en el DOF el 19-Dic-2024.,publicada_dof,66/CD-LXVI-I-1P-015/01_minuta_015_26nov24.pdf;66/CD-LXVI-I-1P-015/02_dictamen_015_26nov24.pdf;66/CD-LXVI-I-1P-015/03_dof_19dic24.pdf
CD-LXVI-I-1P-016,I,PROYECTO de Ley de Ingresos de la Federación para el Ejercicio Fiscal de 2025.,26-Nov-2024,Aprobado por el Senado el 03-Dic-2024. Pasa al Ejecutivo Federal. Publicado en el DOF el 19-Dic-2024.,publicada_dof,66/CD-LXVI-I-1P-016/01_minuta_016_26nov24.pdf;66/CD-LXVI-I-1P-016/02_dictamen_016_26nov24.pdf;66/CD-LXVI-I-1P-016/01_modifica_016_26nov24.pdf;66/CD-LXVI-I-1P-016/03_dof_19dic24.pdf
CD-LXVI-I-1P-017,I,"PROYECTO de Decreto por el que se adicionan un párrafo quinto al artículo 4o. y un párrafo segundo al artículo 5o., de la Constitución Política de los Estados Unidos Mexicanos, en materia de protección a la salud.",03-Dic-2024,Aprobado por el Senado el 11-Dic-2024. Pasa a las Legislaturas de los Estados. Declaratoria de la Comisión Permanente el 08-Ene-2025. Pasa al Ejecutivo Federal. Publicado en el DOF 17-Ene-2025.,publicada_dof,66/CD-LXVI-I-1P-017/01_minuta_017_03dic24.pdf;66/CD-LXVI-I-1P-017/02_dictamen_017_03dic24.pdf;66/CD-LXVI-I-1P-017/01_modifica_017_03dic24.pdf;66/CD-LXVI-I-1P-017/03_dof_017_17ene25.pdf
CD-LXVI-I-1P-018,I,PROYECTO de Decreto por el que se reforma el artículo 39 de la Ley Orgánica del Congreso General de los Estados Unidos Mexicanos.,05-Dic-2024,Pendiente Senado.,en_revisora,66/CD-LXVI-I-1P-018/01_minuta_018_05dic24.pdf;66/CD-LXVI-I-1P-018/02_dictamen_018_05dic24.pdf
CD-LXVI-I-1P-019,I,"PROYECTO de Decreto por el que se adicionan diversas disposiciones de la Ley Federal del Trabajo, en materia de plataformas digitales.",10-Dic-2024,Aprobado por el Senado el 12-Dic-2024. Pasa al Ejecutivo Federal. Publicado en el DOF 24-Dic-2024.,publicada_dof,66/CD-LXVI-I-1P-019/01_minuta_019_10dic24.pdf;66/CD-LXVI-I-1P-019/02_dictamen_019_10dic24.pdf;66/CD-LXVI-I-1P-019/03_dof_019_24dic24.pdf
CD-LXVI-I-2P-020,I,"PROYECTO de Decreto por el que se declara al ""2025, Año de la Mujer Indígena"".",01-Feb-2025,Aprobado por el Senado el 13-Feb-2025. Pasa al Ejecutivo Federal. Publicado en el DOF 21-Feb-2025.,publicada_dof,66/CD-LXVI-I-2P-020/01_minuta_020_01feb25.pdf;66/CD-LXVI-I-2P-020/02_dictamen_020_01feb25.pdf;66/CD-LXVI-I-2P-020/03_dof_020_21feb25.pdf
CD-LXVI-I-2P-021,I,PROYECTO de Decreto por el que se reforman y adicionan diversas disposiciones de la Ley de Ascensos y Recompensas del Ejército y Fuerza Aérea Mexicanos.,18-Feb-2025,Aprobado por el Senado el 01-Abr-2025. Pasa al Ejecutivo Federal. Publicado en el DOF el 15-Abr-2025.,publicada_dof,66/CD-LXVI-I-2P-021/01_minuta_021_18feb25.pdf;66/CD-LXVI-I-2P-021/02_dictamen_021_18feb25.pdf;66/CD-LXVI-I-2P-021/03_dof_021_15abr25.pdf
CD-LXVI-I-2P-022,I,"PROYECTO de Decreto por el que se reforman y adicionan diversas disposiciones de los artículos 4o. y 27 de la Constitución Política de los Estados Unidos Mexicanos, en materia de conservación y protección de los maíces nativos.",25-Feb-2025,Aprobado por el Senado el 05-Mar-2025. Pasa a las Legislaturas de los Estados. Declaratoria de la Cámara de Senadores el 11-Mar-2025. Declaratoria de la Cámara de Diputados el 12-Mar-2025. Pasa al Ejecutivo Federal. Publicado en el DOF el 17-Mar-2025.,publicada_dof,66/CD-LXVI-I-2P-022/01_minuta_022_25feb25.pdf;66/CD-LXVI-I-2P-022/02_dictamen_022_25feb25.pdf;66/CD-LXVI-I-2P-022/03_dof_022_17mar25.pdf
CD-LXVI-I-2P-023,I,PROYECTO de Decreto por el que se adiciona un segundo párrafo a la fracción XVII del artículo 68 de la Ley General de Movilidad y Seguridad Vial.,25-Feb-2025,Pendiente Senado.,en_revisora,66/CD-LXVI-I-2P-023/01_minuta_023_25feb25.pdf;66/CD-LXVI-I-2P-023/02_dictamen_023_25feb25.pdf
CD-LXVI-I-2P-024,I,"PROYECTO de Decreto por el que se reforman, adicionan y derogan diversas disposiciones de la Ley de Ingresos sobre Hidrocarburos.",26-Feb-2025,Aprobado por el Senado el 05-Mar-2025. Pasa al Ejecutivo Federal. Publicado en el DOF 18-Mar-2025.,publicada_dof,66/CD-LXVI-I-2P-024/01_minuta_024_26feb25.pdf;66/CD-LXVI-I-2P-024/02_dictamen_024_26feb25.pdf;66/CD-LXVI-I-2P-024/03_dof_024_18mar25.pdf
CD-LXVI-I-2P-025,I,"PROYECTO de Decreto por el que se reforman, adicionan y derogan diversas disposiciones de la Ley de Obras Públicas y Servicios Relacionados con las Mismas.",01-Abr-2025,Aprobado por el Senado el 10-Abr-2025. Pasa al Ejecutivo Federal. Publicado en el DOF 16-Abr-2025.,publicada_dof,66/CD-LXVI-I-2P-025/01_minuta_025_01abr25.pdf;66/CD-LXVI-I-2P-025/02_dictamen_025_01abr25.pdf;66/CD-LXVI-I-2P-025/03_dof_025_16abr25.pdf
CD-LXVI-I-2P-026,I,"PROYECTO de Decreto por el que se expide la Ley de Adquisiciones, Arrendamientos y Servicios del Sector Público y, se reforman, adicionan y derogan diversas disposiciones de la Ley Federal de Austeridad Republicana; de la Ley de la Economía Social y Solidaria y de la Ley General de Sociedades Cooperativas.",02-Abr-2025,Aprobado por el Senado el 10-Abr-2025. Pasa al Ejecutivo Federal. Publicado en el DOF 16-Abr-2025.,publicada_dof,66/CD-LXVI-I-2P-026/01_minuta_026_02abr25.pdf;66/CD-LXVI-I-2P-026/02_dictamen_026_02abr25.pdf;66/CD-LXVI-I-2P-026/01_modifica_026_02abr25.pdf;66/CD-LXVI-I-2P-026/03_dof_026_16abr25.pdf
CD-LXVI-I-2P-027,I,PROYECTO de Decreto por el que se expide el Reglamento de la Comisión Permanente del Congreso General de los Estados Unidos Mexicanos.,22-Abr-2025,"Devuelto por la Cámara de Senadores para los efectos de la fracción E del artículo 72 constitucional, el 28-Abr-2025. Se dio cuenta de la Minuta el 28-Abr-2025 .",devuelta,66/CD-LXVI-I-2P-027/01_minuta_027_22abr25.pdf;66/CD-LXVI-I-2P-027/02_dictamen_027_22abr25.pdf;66/CD-LXVI-I-2P-027/01_modifica_027_22abr25.pdf
CD-LXVI-I-2P-028,I,"PROYECTO de Decreto por el que se reforman, adicionan y derogan diversas disposiciones de la Ley Federal de Armas de Fuego y Explosivos.",23-Abr-2025,Aprobado por el Senado el 30-Abr-2025. Pasa al Ejecutivo Federal. Publicado en el DOF 29-May-2025.,publicada_dof,66/CD-LXVI-I-2P-028/01_minuta_028_23abr25.pdf;66/CD-LXVI-I-2P-028/02_dictamen_028_23abr25.pdf;66/CD-LXVI-I-2P-028/03_dof_028_29may25.pdf
CD-LXVI-I-2P-029,I,PROYECTO de Decreto por el que se expide la Ley Nacional para Eliminar Trámites Burocráticos.,28-Abr-2025,Aprobado por el Senado el 24-Jun-2025. Pasa al Ejecutivo Federal. Publicado en el DOF 16-Jul-2025.,publicada_dof,66/CD-LXVI-I-2P-029/01_minuta_029_28abr25.pdf;66/CD-LXVI-I-2P-029/02_dictamen_029_28abr25.pdf;66/CD-LXVI-I-2P-029/03_dof_029_16jul25.pdf
CD-LXVI-I-2P-030,I,"PROYECTO de Decreto por el que se reforma el artículo 18 de la Ley sobre el Escudo, la Bandera y el Himno Nacionales, en materia de reconocimiento a las mujeres que han transformado nuestra patria.",28-Abr-2025,Aprobado por el Senado el 23-Jun-2025. Pasa al Ejecutivo Federal. Publicado en el DOF 21-Jul-2025.,publicada_dof,66/CD-LXVI-I-2P-030/01_minuta_030_28abr25.pdf;66/CD-LXVI-I-2P-030/02_dictamen_030_28abr25.pdf;66/CD-LXVI-I-2P-030/03_dof_030_21jul25.pdf
CD-LXVI-I-2P-031,I,PROYECTO Decreto por el que se reforman y adicionan diversas disposiciones de la Ley Orgánica del Congreso General de los Estados Unidos Mexicanos.,29-Abr-2025,Aprobado por el Senado el 26-Jun-2025. Pasa al Ejecutivo Federal. Publicado en el DOF 07-Jul-2025.,publicada_dof,66/CD-LXVI-I-2P-031/01_minuta_031_29abr25.pdf;66/CD-LXVI-I-2P-031/02_dictamen_031_29abr25.pdf;66/CD-LXVI-I-2P-031/03_dof_031_07jul25.pdf
CD-LXVI-I-2P-032,I,"PROYECTO de Decreto por el que se reforman, adicionan y derogan diversas disposiciones de la Ley Reglamentaria del Servicio Ferroviario; de la Ley Orgánica de la Administración Pública Federal; de la Ley de Caminos, Puentes y Autotransporte Federal; de la Ley de Vías Generales de Comunicación, y de la Ley General de Bienes Nacionales, en materia ferroviaria y de armonización normativa.",29-Abr-2025,Aprobado por el Senado el 26-Jun-2025. Pasa al Ejecutivo Federal. Publicado en el DOF 16-Jul-2025.,publicada_dof,66/CD-LXVI-I-2P-032/01_minuta_032_29abr25.pdf;66/CD-LXVI-I-2P-032/02_dictamen_032_29abr25.pdf;66/CD-LXVI-I-2P-032/03_dof_032_16jul25.pdf
CD-LXVI-I-2P-033,I,PROYECTO Decreto por el que se reforman y adicionan diversas disposiciones de la Ley Federal del Trabajo.,29-Abr-2025,Pendiente Senado.,en_revisora,66/CD-LXVI-I-2P-033/01_minuta_033_29abr25.pdf;66/CD-LXVI-I-2P-033/02_dictamen_033_29abr25.pdf;66/CD-LXVI-I-2P-033/01_modifica_033_29abr25.pdf
CD-LXVI-I-2P-034,I,PROYECTO de Decreto por el que se adicionan las fracciones X Bis y X Ter al artículo 58 de la Ley General de Turismo.,29-Abr-2025,Pendiente Senado.,en_revisora,66/CD-LXVI-I-2P-034/01_minuta_034_29abr25.pdf;66/CD-LXVI-I-2P-034/02_dictamen_034_29abr25.pdf
CD-LXVI-I-1E-035,I,"PROYECTO de Decreto por el que se reforman, adicionan y derogan diversas disposiciones de la Ley General de Desarrollo Social, de la Ley Federal de Presupuesto y Responsabilidad Hacendaria y de la Ley General de Contabilidad Gubernamental.",23-Jun-2025,Aprobado por el Senado el 26-Jun-2025. Pasa al Ejecutivo Federal. Publicado en el DOF 16-Jul-2025.,publicada_dof,66/CD-LXVI-I-1E-035/01_minuta_035_23jun25.pdf;66/CD-LXVI-I-1E-035/02_dictamen_035_23jun25.pdf;66/CD-LXVI-I-1E-035/03_dof_035_16jul25.pdf
CD-LXVI-I-1E-036,I,"PROYECTO de Decreto por el que se reforma el artículo 191 de la Ley del Seguro Social, en materia de seguro por desempleo.",23-Jun-2025,Pendiente Senado.,en_revisora,66/CD-LXVI-I-1E-036/01_minuta_036_23jun25.pdf;66/CD-LXVI-I-1E-036/02_dictamen_036_23jun25.pdf
CD-LXVI-I-1E-037,I,"PROYECTO Decreto por el que se expide la Ley de la Guardia Nacional y se reforman, adicionan y derogan diversas disposiciones de la Ley Orgánica de la Administración Pública Federal; de la Ley Orgánica del Ejército y Fuerza Aérea Mexicanos; de la Ley de Educación Militar del Ejército y Fuerza Aérea Mexicanos; de la Ley de Ascensos y Recompensas del Ejército y Fuerza Aérea Mexicanos; de la Ley del Instituto de Seguridad Social para las Fuerzas Armadas Mexicanas; de la Ley de Disciplina del Ejército y Fuerza Aérea Mexicanos; del Código de Justicia Militar y del Código Militar de Procedimientos Penales.",24-Jun-2025,Aprobado por el Senado el 30-Jun-2025. Pasa al Ejecutivo Federal. Publicado en el DOF 16-Jul-2025.,publicada_dof,66/CD-LXVI-I-1E-037/01_minuta_037_24jun25.pdf;66/CD-LXVI-I-1E-037/02_dictamen_037_24jun25.pdf;66/CD-LXVI-I-1E-037/01_modifica_037_24jun25.pdf;66/CD-LXVI-I-1E-037/03_dof_037_16jul25.pdf
CD-LXVI-I-1E-038,I,PROYECTO de Decreto por el que se expide la Ley General del Sistema Nacional de Seguridad Pública.,25-Jun-2025,Aprobado por el Senado el 01-Jul-2025. Pasa al Ejecutivo Federal. Publicado en el DOF 16-Jul-2025.,publicada_dof,66/CD-LXVI-I-1E-038/01_minuta_038_25jun25.pdf;66/CD-LXVI-I-1E-038/02_dictamen_038_25jun25.pdf;66/CD-LXVI-I-1E-038/03_dof_038_16jul25.pdf
CD-LXVI-I-1E-039,I,PROYECTO de Decreto por el que se expide la Ley del Sistema Nacional de Investigación e Inteligencia en Materia de Seguridad Pública.,25-Jun-2025,Aprobado por el Senado el 01-Jul-2025. Pasa al Ejecutivo Federal. Publicado en el DOF 16-Jul-2025.,publicada_dof,66/CD-LXVI-I-1E-039/01_minuta_039_25jun25.pdf;66/CD-LXVI-I-1E-039/02_dictamen_039_25jun25.pdf;66/CD-LXVI-I-1E-039/03_dof_039_16jul25.pdf
CD-LXVI-II-1P-040,II,"PROYECTO de Decreto por el que se reforma el inciso a) de la fracción XXI del artículo 73 de la Constitución Política de los Estados Unidos Mexicanos, en materia de extorsión.",09-Sep-2025,Aprobado por el Senado el 24-Sep-2025. Pasa a las Legislaturas de los Estados. Declaratoria de la Cámara de Senadores el 30-Sep-2025. Declaratoria de la Cámara de Diputados el 07-Oct-2025. Pasa al Ejecutivo Federal. Publicado en el DOF el 09-Oct-2025.,publicada_dof,iniclave/66/CD-LXVI-II-1P-040/01_minuta_040_09sep25.pdf;iniclave/66/CD-LXVI-II-1P-040/02_dictamen_040_09sep25.pdf;iniclave/66/CD-LXVI-II-1P-040/03_dof_040_09oct25.pdf
CD-LXVI-II-1P-041,II,"PROYECTO de Decreto por el que se adicionan las fracciones VIII y IX al artículo 76 BIS de la Ley Federal de Protección al Consumidor, en materia de cancelación de suscripciones y membresías con cobro recurrente.",17-Sep-2025,Aprobado por el Senado el 05-Nov-2025. Pasa al Ejecutivo Federal. Publicado en el DOF el 12-Dic-2025.,publicada_dof,iniclave/66/CD-LXVI-II-1P-041/01_minuta_041_17sep25.pdf;iniclave/66/CD-LXVI-II-1P-041/02_iniciativa_041_17sep25.pdf;iniclave/66/CD-LXVI-II-1P-041/01_modifica_041_17sep25.pdf;iniclave/66/CD-LXVI-II-1P-041/03_dof_041_12dic25.pdf
CD-LXVI-II-1P-042,II,"PROYECTO de Decreto por el que se reforman y adicionan los artículos 215, 216 Ter y 419 de la Ley General de Salud.",30-Sep-2025,Pendiente Senado.,en_revisora,iniclave/66/CD-LXVI-II-1P-042/01_minuta_042_30sep25.pdf;iniclave/66/CD-LXVI-II-1P-042/02_dictamen_042_30sep25.pdf;iniclave/66/CD-LXVI-II-1P-042/01_modifica_042_30sep25.pdf
CD-LXVI-II-1P-043,II,"PROYECTO de Decreto por el que se reforman y adicionan diversas disposiciones de la Ley de la Economía Social y Solidaria, en materia de igualdad sustantiva, no discriminación y derechos de los pueblos y comunidades indígenas y afromexicanas.",30-Sep-2025,Pendiente Senado.,en_revisora,iniclave/66/CD-LXVI-II-1P-043/01_minuta_043_30sep25.pdf;iniclave/66/CD-LXVI-II-1P-043/02_dictamen_043_30sep25.pdf
CD-LXVI-II-1P-044,II,PROYECTO de Decreto por el que se adicionan diversas disposiciones de la Ley de Fiscalización y Rendición de Cuentas de la Federación.,30-Sep-2025,Pendiente Senado.,en_revisora,iniclave/66/CD-LXVI-II-1P-044/01_minuta_044_30sep25.pdf;iniclave/66/CD-LXVI-II-1P-044/02_dictamen_044_30sep25.pdf
CD-LXVI-II-1P-045,II,PROYECTO de Decreto por el que se adiciona un inciso m a la fracción III del artículo 24 de la Ley General de Pesca y Acuacultura Sustentables.,30-Sep-2025,Pendiente Senado.,en_revisora,iniclave/66/CD-LXVI-II-1P-045/01_minuta_045_30sep25.pdf;iniclave/66/CD-LXVI-II-1P-045/02_dictamen_045_30sep25.pdf
CD-LXVI-II-1P-046,II,"PROYECTO de Decreto por el que se declara el 10 de noviembre de cada año, como el ""Día Nacional de la Mariposa Monarca"".",30-Sep-2025,Pendiente Senado.,en_revisora,iniclave/66/CD-LXVI-II-1P-046/01_minuta_046_30sep25.pdf;iniclave/66/CD-LXVI-II-1P-046/02_dictamen_046_30sep25.pdf
CD-LXVI-II-1P-047,II,PROYECTO de Decreto por el que se reforman y adicionan diversas disposiciones de la Ley General de Bienes Nacionales y de la Ley General del Equilibrio Ecológico y la Protección al Ambiente.,01-Oct-2025,Pendiente Senado.,en_revisora,iniclave/66/CD-LXVI-II-1P-047/01_minuta_047_01oct25.pdf;iniclave/66/CD-LXVI-II-1P-047/02_dictamen_047_01oct25.pdf;iniclave/66/CD-LXVI-II-1P-047/01_modifica_047_01oct25.pdf
CD-LXVI-II-1P-048,II,PROYECTO de Decreto por el que se reforma el artículo 21 de la Ley del Servicio Exterior Mexicano.,01-Oct-2025,Pendiente Senado.,en_revisora,iniclave/66/CD-LXVI-II-1P-048/01_minuta_048_01oct25.pdf;iniclave/66/CD-LXVI-II-1P-048/02_dictamen_048_01oct25.pdf
CD-LXVI-II-1P-049,II,PROYECTO de Decreto por el que se reforman los artículos 111 y 111 BIS de la Ley General del Equilibrio Ecológico y la Protección al Ambiente.,01-Oct-2025,Pendiente Senado.,en_revisora,iniclave/66/CD-LXVI-II-1P-049/01_minuta_049_01oct25.pdf;iniclave/66/CD-LXVI-II-1P-049/02_dictamen_049_01oct25.pdf
CD-LXVI-II-1P-050,II,"PROYECTO de Decreto por el que se declara el 22 de febrero de cada año, como el ""Día Nacional de la y el Periodista Deportivo"".",01-Oct-2025,Pendiente Senado.,en_revisora,iniclave/66/CD-LXVI-II-1P-050/01_minuta_050_01oct25.pdf;iniclave/66/CD-LXVI-II-1P-050/02_dictamen_050_01oct25.pdf
CD-LXVI-II-1P-051,II,"PROYECTO de Decreto por el que se reforman, adicionan y derogan diversas disposiciones de la Ley Aduanera.",07-Oct-2025,"Devuelto por la Cámara de Senadores para los efectos de la fracción E del artículo 72 constitucional, el 14-Oct-2025. Se dio cuenta de la Minuta el 21-Oct-2025. Aprobado de urgente resolución por la Cámara de Diputados el 21-Oct-2025. Pasa al Ejecutivo Federal. Publicado en el DOF el 19-Nov-2025.",publicada_dof,iniclave/66/CD-LXVI-II-1P-051/01_minuta_051_07oct25.pdf;iniclave/66/CD-LXVI-II-1P-051/02_dictamen_051_07oct25.pdf;iniclave/66/CD-LXVI-II-1P-051/03_dof_051_19nov25.pdf
CD-LXVI-II-1P-052,II,"PROYECTO de Decreto por el que se reforman, adicionan y derogan diversas disposiciones de la Ley Federal de Derechos.",15-Oct-2025,Aprobado por el Senado el 28-Oct-2025. Pasa al Ejecutivo Federal. Publicado en el DOF el 07-Nov-2025.,publicada_dof,iniclave/66/CD-LXVI-II-1P-052/01_minuta_052_15oct25.pdf;iniclave/66/CD-LXVI-II-1P-052/02_dictamen_052_15oct25.pdf;iniclave/66/CD-LXVI-II-1P-052/03_dof_052_07nov25.pdf
CD-LXVI-II-1P-053,II,"PROYECTO de Decreto por el que se reforman, adicionan y derogan diversas disposiciones del Código Fiscal de la Federación.",15-Oct-2025,Aprobado por el Senado el 28-Oct-2025. Pasa al Ejecutivo Federal. Publicado en el DOF el 07-Nov-2025.,publicada_dof,iniclave/66/CD-LXVI-II-1P-053/01_minuta_053_15oct25.pdf;iniclave/66/CD-LXVI-II-1P-053/02_dictamen_053_15oct25.pdf;iniclave/66/CD-LXVI-II-1P-053/03_dof_053_07nov25.pdf
CD-LXVI-II-1P-054,II,"PROYECTO de Decreto por el que se reforman, adicionan y derogan diversas disposiciones de la Ley del Impuesto Especial sobre Producción y Servicios.",15-Oct-2025,Aprobado por el Senado el 28-Oct-2025. Pasa al Ejecutivo Federal. Publicado en el DOF el 07-Nov-2025.,publicada_dof,iniclave/66/CD-LXVI-II-1P-054/01_minuta_054_15oct25.pdf;iniclave/66/CD-LXVI-II-1P-054/02_dictamen_054_15oct25.pdf;iniclave/66/CD-LXVI-II-1P-054/01_modifica_054_15oct25.pdf;iniclave/66/CD-LXVI-II-1P-054/03_dof_054_07nov25.pdf
CD-LXVI-II-1P-055,II,PROYECTO de Decreto por el que se expide la Ley de Ingresos de la Federación para el Ejercicio Fiscal de 2026.,15-Oct-2025,Aprobado por el Senado el 29-Oct-2025. Pasa al Ejecutivo Federal. Publicado en el DOF el 07-Nov-2025.,publicada_dof,iniclave/66/CD-LXVI-II-1P-055/01_minuta_055_15oct25.pdf;iniclave/66/CD-LXVI-II-1P-055/02_dictamen_055_15oct25.pdf;iniclave/66/CD-LXVI-II-1P-055/03_dof_055_07nov25.pdf
CD-LXVI-II-1P-056,II,PROYECTO de Decreto por el que se expide la Ley Orgánica de la Armada de México.,22-Oct-2025,Aprobado por el Senado el 29-Oct-2025. Pasa al Ejecutivo Federal. Publicado en el DOF el 07-Nov-2025.,publicada_dof,iniclave/66/CD-LXVI-II-1P-056/01_minuta_056_22oct25.pdf;iniclave/66/CD-LXVI-II-1P-056/02_dictamen_056_22oct25.pdf;iniclave/66/CD-LXVI-II-1P-056/03_dof_056_07nov25.pdf
CD-LXVI-II-1P-057,II,"PROYECTO de Decreto por el que se expide la Ley General para Prevenir, Investigar y Sancionar los Delitos en Materia de Extorsión, Reglamentaria de la fracción XXI del artículo 73 de la Constitución Política de los Estados Unidos Mexicanos, y se reforman, adicionan y derogan diversas disposiciones del Código Penal Federal, del Código Nacional de Procedimientos Penales, de la Ley Federal contra la Delincuencia Organizada, de la Ley Nacional de Extinción de Dominio y, de la Ley Orgánica del Poder Judicial de la Federación.",28-Oct-2025,"Devuelto por la Cámara de Senadores para los efectos de la fracción E del artículo 72 constitucional, el 19-Nov-2025. Se dio cuenta de la Minuta el 25-Nov-2025. Aprobado de urgente resolución por la Cámara de Diputados el 25-Nov-2025. Pasa al Ejecutivo Federal. Publicado en el DOF el 28-Nov-2025.",publicada_dof,iniclave/66/CD-LXVI-II-1P-057/01_minuta_057_28oct25.pdf;iniclave/66/CD-LXVI-II-1P-057/02_dictamen_057_28oct25.pdf;iniclave/66/CD-LXVI-II-1P-057/01_modifica_057_28oct25.pdf;iniclave/66/CD-LXVI-II-1P-057/03_dof_057_28nov25.pdf
CD-LXVI-II-1P-058,II,"PROYECTO de Decreto por el que se declara el 11 de diciembre de cada año, como el ""Día Nacional de la Talavera"".",11-Nov-2025,Pendiente Senado.,en_revisora,iniclave/66/CD-LXVI-II-1P-058/01_minuta_058_11nov25.pdf;iniclave/66/CD-LXVI-II-1P-058/02_dictamen_058_11nov25.pdf
CD-LXVI-II-1P-059,II,"PROYECTO de Decreto por el que se declara el 4 de noviembre de cada año, como el ""Día Nacional de las Mujeres Afromexicanas"".",11-Nov-2025,Pendiente Senado.,en_revisora,iniclave/66/CD-LXVI-II-1P-059/01_minuta_059_11nov25.pdf;iniclave/66/CD-LXVI-II-1P-059/02_dictamen_059_11nov25.pdf
CD-LXVI-II-1P-060,II,PROYECTO de Decreto por el que se adicionan diversas disposiciones a la Ley General del Equilibrio Ecológico y la Protección al Ambiente.,11-Nov-2025,Pendiente Senado.,en_revisora,iniclave/66/CD-LXVI-II-1P-060/01_minuta_060_11nov25.pdf;iniclave/66/CD-LXVI-II-1P-060/02_dictamen_060_11nov25.pdf
CD-LXVI-II-1P-061,II,"PROYECTO de Decreto por el que se reforman los artículos 72 y 73 de la Ley General de Salud, en materia de fortalecimiento de los servicios de atención a la salud mental.",11-Nov-2025,Pendiente Senado.,en_revisora,iniclave/66/CD-LXVI-II-1P-061/01_minuta_061_11nov25.pdf;iniclave/66/CD-LXVI-II-1P-061/02_dictamen_061_11nov25.pdf
CD-LXVI-II-1P-062,II,PROYECTO de Decreto por el que se reforma el artículo 15 de la Ley de Desarrollo Rural Sustentable.,11-Nov-2025,Pendiente Senado.,en_revisora,iniclave/66/CD-LXVI-II-1P-062/01_minuta_062_11nov25.pdf;iniclave/66/CD-LXVI-II-1P-062/02_dictamen_062_11nov25.pdf
CD-LXVI-II-1P-063,II,PROYECTO de Decreto por el que se reforma la fracción III del artículo 28 de la Ley General para la Prevención y Gestión Integral de los Residuos.,11-Nov-2025,Pendiente Senado.,en_revisora,iniclave/66/CD-LXVI-II-1P-063/01_minuta_063_11nov25.pdf;iniclave/66/CD-LXVI-II-1P-063/02_dictamen_063_11nov25.pdf
CD-LXVI-II-1P-064,II,PROYECTO de Decreto por el que se reforma el artículo 18 de la Ley General de Turismo.,11-Nov-2025,Pendiente Senado.,en_revisora,iniclave/66/CD-LXVI-II-1P-064/01_minuta_064_11nov25.pdf;iniclave/66/CD-LXVI-II-1P-064/02_dictamen_064_11nov25.pdf
CD-LXVI-II-1P-065,II,"PROYECTO de Decreto por el que se reforman y adicionan diversas disposiciones de la Ley General de Cambio Climático, en materia de captura, uso y almacenamiento del dióxido de carbono.",11-Nov-2025,Pendiente Senado.,en_revisora,iniclave/66/CD-LXVI-II-1P-065/01_minuta_065_11nov25.pdf;iniclave/66/CD-LXVI-II-1P-065/02_dictamen_065_11nov25.pdf
CD-LXVI-II-1P-066,II,PROYECTO de Decreto por el que se adicionan la fracción VII al artículo 9 y la fracción VII al artículo 32 a la Ley General de Acceso de las Mujeres a una Vida Libre de Violencia.,11-Nov-2025,Pendiente Senado.,en_revisora,iniclave/66/CD-LXVI-II-1P-066/01_minuta_066_11nov25.pdf;iniclave/66/CD-LXVI-II-1P-066/02_dictamen_066_11nov25.pdf
CD-LXVI-II-1P-067,II,"PROYECTO de Decreto por el que se reforman y adicionan diversos artículos de la Ley para la Transparencia y Ordenamiento de los Servicios Financieros, en materia de cancelación y emisión de tarjetas de crédito y débito, emitidas por entidades financieras y comerciales.",12-Nov-2025,Pendiente Senado.,en_revisora,iniclave/66/CD-LXVI-II-1P-067/01_minuta_067_12nov25.pdf;iniclave/66/CD-LXVI-II-1P-067/02_iniciativa_067_12nov25.pdf
CD-LXVI-II-1P-068,II,"PROYECTO de Decreto por el que se reforman diversas disposiciones del Código Penal Federal, en materia de delitos contra el ambiente y la gestión ambiental.",25-Nov-2025,"Devuelto por la Cámara de Senadores para los efectos de la fracción E del artículo 72 constitucional, el 09-Dic-2025. Se dio cuenta de la Minuta el 10-Dic-2025. Aprobado por la Cámara de Diputados el 22-Abr-2026. Devuelto al Senado para los efectos de la fracción E del artículo 72 constitucional.",devuelta,iniclave/66/CD-LXVI-II-1P-068/01_minuta_068_25nov25.pdf;iniclave/66/CD-LXVI-II-1P-068/02_dictamen_068_25nov25.pdf;iniclave/66/CD-LXVI-II-1P-068/01_modifica_068_25nov25.pdf
CD-LXVI-II-1P-069,II,"PROYECTO de Decreto por el que se reforman los artículos 15, 154 y 162 de la Ley de Desarrollo Rural Sustentable.",26-Nov-2025,Pendiente Senado.,en_revisora,iniclave/66/CD-LXVI-II-1P-069/01_minuta_069_26nov25.pdf;iniclave/66/CD-LXVI-II-1P-069/02_dictamen_069_26nov25.pdf
CD-LXVI-II-1P-070,II,"PROYECTO de Decreto por el que se declara el 30 de octubre de cada año, como el ""Día Nacional del Tianguis y el Tianguista"".",26-Nov-2025,Pendiente Senado.,en_revisora,iniclave/66/CD-LXVI-II-1P-070/01_minuta_070_26nov25.pdf;iniclave/66/CD-LXVI-II-1P-070/02_dictamen_070_26nov25.pdf
CD-LXVI-II-1P-071,II,"PROYECTO de Decreto por el que se reforman y adicionan diversas disposiciones del Código Penal Federal, en materia del delito de despojo.",26-Nov-2025,Pendiente Senado.,en_revisora,iniclave/66/CD-LXVI-II-1P-071/01_minuta_071_26nov25.pdf;iniclave/66/CD-LXVI-II-1P-071/02_dictamen_071_26nov25.pdf
CD-LXVI-II-1P-072,II,PROYECTO de Decreto por el que se adicionan los artículos 3 y 7 de la Ley General de Movilidad y Seguridad Vial.,26-Nov-2025,Pendiente Senado.,en_revisora,iniclave/66/CD-LXVI-II-1P-072/01_minuta_072_26nov25.pdf;iniclave/66/CD-LXVI-II-1P-072/02_dictamen_072_26nov25.pdf
CD-LXVI-II-1P-073,II,PROYECTO de Decreto por el que se adiciona una fracción VII al artículo 6 de la Ley General de Acceso de las Mujeres a una Vida Libre de Violencia.,26-Nov-2025,Pendiente Senado.,en_revisora,iniclave/66/CD-LXVI-II-1P-073/01_minuta_073_26nov25.pdf;iniclave/66/CD-LXVI-II-1P-073/02_dictamen_073_26nov25.pdf
CD-LXVI-II-1P-074,II,PROYECTO de Decreto por el que se adicionan los artículos 79 y 80 de la Ley de Desarrollo Rural Sustentable.,26-Nov-2025,Pendiente Senado.,en_revisora,iniclave/66/CD-LXVI-II-1P-074/01_minuta_074_26nov25.pdf;iniclave/66/CD-LXVI-II-1P-074/02_dictamen_074_26nov25.pdf
CD-LXVI-II-1P-075,II,"PROYECTO de Decreto por el que se adicionan diversas disposiciones de la Ley General de Cultura Física y Deporte, en materia de prevención y atención de la violencia en el deporte.",26-Nov-2025,Pendiente Senado.,en_revisora,iniclave/66/CD-LXVI-II-1P-075/01_minuta_075_26nov25.pdf;iniclave/66/CD-LXVI-II-1P-075/02_dictamen_075_26nov25.pdf
CD-LXVI-II-1P-076,II,"PROYECTO de Decreto por el que se reforman, adicionan y derogan diversas disposiciones de la Ley General para la Igualdad entre Mujeres y Hombres; de la Ley General de Acceso de las Mujeres a una Vida Libre de Violencia; del Código Nacional de Procedimientos Civiles y Familiares; de la Ley Federal de los Trabajadores al Servicio del Estado, Reglamentaria del Apartado B) del Artículo 123 Constitucional; de la Ley General de Desarrollo Social; de la Ley General de Salud; de la Ley General de Educación; de la Ley del Seguro Social; de la Ley de Migración; de la Ley General de los Derechos de Niñas, Niños y Adolescentes; de la Ley del Instituto de Seguridad y Servicios Sociales de los Trabajadores del Estado; de la Ley de Planeación; de la Ley de Vivienda; de la Ley Federal del Trabajo; de la Ley Federal del Derecho de Autor; de la Ley Federal de Protección a la Propiedad Industrial y de la Ley General de Cultura y Derechos Culturales.",02-Dic-2025,Aprobado por el Senado el 09-Dic-2025. Pasa al Ejecutivo Federal. Publicado en el DOF el 15-Ene-2026.,publicada_dof,iniclave/66/CD-LXVI-II-1P-076/01_minuta_076_02dic25.pdf;iniclave/66/CD-LXVI-II-1P-076/02_dictamen_076_02dic25.pdf;iniclave/66/CD-LXVI-II-1P-076/03_dof_076_15ene26.pdf
CD-LXVI-II-1P-077,II,PROYECTO de Decreto por el que se reforman y adicionan diversas disposiciones de la Ley de Ascensos de la Armada de México.,02-Dic-2025,Aprobado por el Senado el 09-Dic-2025. Pasa al Ejecutivo Federal. Publicado en el DOF el 17-Dic-2025.,publicada_dof,iniclave/66/CD-LXVI-II-1P-077/01_minuta_077_02dic25.pdf;iniclave/66/CD-LXVI-II-1P-077/02_dictamen_077_02dic25.pdf;iniclave/66/CD-LXVI-II-1P-077/03_dof_077_17dic25.pdf
CD-LXVI-II-1P-078,II,"PROYECTO de Decreto por el que se declara al ""2026, Año de Margarita Maza Parada"".",02-Dic-2025,Aprobado por el Senado el 09-Dic-2025. Pasa al Ejecutivo Federal. Publicado en el DOF el 29-Dic-2025.,publicada_dof,iniclave/66/CD-LXVI-II-1P-078/01_minuta_078_02dic25.pdf;iniclave/66/CD-LXVI-II-1P-078/02_dictamen_078_02dic25.pdf;iniclave/66/CD-LXVI-II-1P-078/03_dof_078_29dic25.pdf
CD-LXVI-II-1P-079,II,PROYECTO de Decreto por el que se establecen las características de una moneda conmemorativa alusiva al 200 Aniversario de la Consolidación de la Independencia de México en la Mar.,02-Dic-2025,Aprobado por el Senado el 03-Dic-2025. Pasa al Ejecutivo Federal. Publicado en el DOF el 17-Dic-2025.,publicada_dof,iniclave/66/CD-LXVI-II-1P-079/01_minuta_079_02dic25.pdf;iniclave/66/CD-LXVI-II-1P-079/02_dictamen_079_02dic25.pdf;iniclave/66/CD-LXVI-II-1P-079/03_dof_079_17dic25.pdf
CD-LXVI-II-1P-080,II,"PROYECTO de Decreto por el que se expide la Ley General de Aguas y, se reforman, adicionan y derogan diversas disposiciones de la Ley de Aguas Nacionales.",03-Dic-2025,Aprobado por el Senado el 04-Dic-2025. Pasa al Ejecutivo Federal. Publicado en el DOF el 11-Dic-2025.,publicada_dof,iniclave/66/CD-LXVI-II-1P-080/01_minuta_080_03dic25.pdf;iniclave/66/CD-LXVI-II-1P-080/02_dictamen_080_03dic25.pdf;iniclave/66/CD-LXVI-II-1P-080/01_modifica_080_03dic25.pdf;iniclave/66/CD-LXVI-II-1P-080/03_dof_080_11dic25.pdf
CD-LXVI-II-1P-081,II,"PROYECTO de Decreto por el que se reforman, adicionan y derogan diversas disposiciones de la Ley General de Salud.",09-Dic-2025,Aprobado por el Senado el 10-Dic-2025. Pasa al Ejecutivo Federal. Publicado en el DOF el 15-Ene-2026.,publicada_dof,iniclave/66/CD-LXVI-II-1P-081/01_minuta_081_09dic25.pdf;iniclave/66/CD-LXVI-II-1P-081/02_dictamen_081_09dic25.pdf;iniclave/66/CD-LXVI-II-1P-081/01_modifica_081_09dic25.pdf;iniclave/66/CD-LXVI-II-1P-081/03_dof_081_15ene26.pdf
CD-LXVI-II-1P-082,II,PROYECTO de Decreto por el que se reforman diversas fracciones arancelarias de la Tarifa de la Ley de los Impuestos Generales de Importación y de Exportación.,09-Dic-2025,Aprobado por el Senado el 10-Dic-2025. Pasa al Ejecutivo Federal. Publicado en el DOF el 29-Dic-2025.,publicada_dof,iniclave/66/CD-LXVI-II-1P-082/01_minuta_082_09dic25.pdf;iniclave/66/CD-LXVI-II-1P-082/02_dictamen_082_09dic25.pdf;iniclave/66/CD-LXVI-II-1P-082/01_modifica_082_09dic25.pdf;iniclave/66/CD-LXVI-II-1P-082/03_dof_082_29dic25.pdf
CD-LXVI-II-1P-083,II,"PROYECTO de Decreto por el que se reforma el artículo Tercero del ""Decreto por el que se reforman y adicionan diversas disposiciones de la Ley Monetaria de los Estados Unidos Mexicanos y se señalan las características de las monedas de cinco, diez, veinte y cincuenta centavos y de uno, dos, cinco y diez pesos"", publicado el 22 de junio de 1992, en el Diario Oficial de la Federación, únicamente por lo que hace a la moneda de diez pesos.",09-Dic-2025,Aprobado por el Senado el 10-Dic-2025. Pasa al Ejecutivo Federal. Publicado en el DOF el 19-Ene-2026.,publicada_dof,iniclave/66/CD-LXVI-II-1P-083/01_minuta_083_09dic25.pdf;iniclave/66/CD-LXVI-II-1P-083/02_dictamen_083_09dic25.pdf;iniclave/66/CD-LXVI-II-1P-083/03_dof_083_19ene26.pdf
CD-LXVI-II-1P-084,II,"PROYECTO de Decreto por el que se reforma el Artículo Segundo del ""Decreto que reforma el inciso b) del artículo 2° de la Ley Monetaria de los Estados Unidos Mexicanos y se señalan las características de la moneda de veinte pesos"", publicado en el Diario Oficial de la Federación el 8 de diciembre de 1992.",09-Dic-2025,Aprobado por el Senado el 10-Dic-2025. Pasa al Ejecutivo Federal. Publicado en el DOF el 19-Ene-2026.,publicada_dof,iniclave/66/CD-LXVI-II-1P-084/01_minuta_084_09dic25.pdf;iniclave/66/CD-LXVI-II-1P-084/02_dictamen_084_09dic25.pdf;iniclave/66/CD-LXVI-II-1P-084/03_dof_084_19ene26.pdf
CD-LXVI-II-1P-085,II,"PROYECTO de Decreto por el que se expide la Ley General de Economía Circular y, se reforman y adicionan diversas disposiciones de la Ley General del Equilibrio Ecológico y la Protección al Ambiente y de la Ley General para la Prevención y Gestión Integral de los Residuos.",09-Dic-2025,Aprobado por el Senado el 10-Dic-2025. Pasa al Ejecutivo Federal. Publicado en el DOF el 19-Ene-2026.,publicada_dof,iniclave/66/CD-LXVI-II-1P-085/01_minuta_085_09dic25.pdf;iniclave/66/CD-LXVI-II-1P-085/02_dictamen_085_09dic25.pdf;iniclave/66/CD-LXVI-II-1P-085/03_dof_085_19ene26.pdf
CD-LXVI-II-2P-086,II,"PROYECTO de Decreto por el que se establecen las características de tres monedas conmemorativas de la Copa Mundial de la FIFA 2026, organizada por México-Estados Unidos-Canadá.",10-Feb-2026,Aprobado por el Senado el 17-Feb-2026. Pasa al Ejecutivo Federal. Publicado en el DOF el 10-Mar-2026.,publicada_dof,iniclave/66/CD-LXVI-II-2P-086/01_minuta_086_10feb26.pdf;iniclave/66/CD-LXVI-II-2P-086/02_dictamen_086_10feb26.pdf;iniclave/66/CD-LXVI-II-2P-086/03_dof_086_10mar26.pdf
CD-LXVI-II-2P-087,II,"PROYECTO de Decreto por el que se declara el 21 de junio de cada año, como el ""Día Nacional de la Apicultura"".",17-Feb-2026,Pendiente Senado.,en_revisora,iniclave/66/CD-LXVI-II-2P-087/01_minuta_087_17feb26.pdf;iniclave/66/CD-LXVI-II-2P-087/02_dictamen_087_17feb26.pdf
CD-LXVI-II-2P-088,II,"PROYECTO de Decreto por el que se reforman diversas disposiciones de la Ley General de Asentamientos Humanos, Ordenamiento Territorial y Desarrollo Urbano.",17-Feb-2026,Pendiente Senado.,en_revisora,iniclave/66/CD-LXVI-II-2P-088/01_minuta_088_17feb26.pdf;iniclave/66/CD-LXVI-II-2P-088/02_dictamen_088_17feb26.pdf
CD-LXVI-II-2P-089,II,"PROYECTO de Decreto por el que se reforma el artículo 57 de la Ley General de los Derechos de Niñas, Niños y Adolescentes.",17-Feb-2026,Pendiente Senado.,en_revisora,iniclave/66/CD-LXVI-II-2P-089/01_minuta_089_17feb26.pdf;iniclave/66/CD-LXVI-II-2P-089/02_dictamen_089_17feb26.pdf
CD-LXVI-II-2P-090,II,"PROYECTO de Decreto por el que se reforman y adicionan diversas disposiciones del Código Penal Federal, en materia de delito de acoso sexual y de acecho.",17-Feb-2026,Pendiente Senado.,en_revisora,iniclave/66/CD-LXVI-II-2P-090/01_minuta_090_17feb26.pdf;iniclave/66/CD-LXVI-II-2P-090/02_dictamen_090_17feb26.pdf
CD-LXVI-II-2P-091,II,PROYECTO de Decreto por el que se adiciona un quinto párrafo al artículo 20 Quáter de la Ley General de Acceso de las Mujeres a una Vida Libre de Violencias.,17-Feb-2026,Pendiente Senado.,en_revisora,iniclave/66/CD-LXVI-II-2P-091/01_minuta_091_17feb26.pdf;iniclave/66/CD-LXVI-II-2P-091/02_dictamen_091_17feb26.pdf
CD-LXVI-II-2P-092,II,"PROYECTO de Decreto por el que se adiciona un último párrafo al artículo 46 de la Ley General del Equilibrio Ecológico y la Protección al Ambiente, en materia de conservación, reproducción y reintroducción de especies.",17-Feb-2026,Pendiente Senado.,en_revisora,iniclave/66/CD-LXVI-II-2P-092/01_minuta_092_17feb26.pdf;iniclave/66/CD-LXVI-II-2P-092/02_dictamen_092_17feb26.pdf
CD-LXVI-II-2P-093,II,"PROYECTO de Decreto por el que se adicionan un quinto, sexto y séptimo párrafos al artículo 119 de la Ley General de Desarrollo Forestal Sustentable.",17-Feb-2026,Pendiente Senado.,en_revisora,iniclave/66/CD-LXVI-II-2P-093/01_minuta_093_17feb26.pdf;iniclave/66/CD-LXVI-II-2P-093/02_dictamen_093_17feb26.pdf
CD-LXVI-II-2P-094,II,"PROYECTO de Decreto por el que se adicionan los artículos 64 Quinquies y 64 Sexies a la Ley General de Responsabilidades Administrativas, en materia de acoso sexual laboral y hostigamiento laboral.",17-Feb-2026,Pendiente Senado.,en_revisora,iniclave/66/CD-LXVI-II-2P-094/01_minuta_094_17feb26.pdf;iniclave/66/CD-LXVI-II-2P-094/02_dictamen_094_17feb26.pdf
CD-LXVI-II-2P-095,II,"PROYECTO de Decreto por el que se reforman los artículos 33 y 102 de la Ley General de Cambio Climático, en materia de armonización con la Ley General de Movilidad y Seguridad Vial.",17-Feb-2026,Pendiente Senado.,en_revisora,iniclave/66/CD-LXVI-II-2P-095/01_minuta_095_17feb26.pdf;iniclave/66/CD-LXVI-II-2P-095/02_dictamen_095_17feb26.pdf
CD-LXVI-II-2P-096,II,"PROYECTO de Decreto por el que se reforman y adicionan diversas disposiciones de la Ley General de Cultura Física y Deporte, en materia de deporte adaptado.",17-Feb-2026,Pendiente Senado.,en_revisora,iniclave/66/CD-LXVI-II-2P-096/01_minuta_096_17feb26.pdf;iniclave/66/CD-LXVI-II-2P-096/02_dictamen_096_17feb26.pdf
CD-LXVI-II-2P-097,II,PROYECTO de Decreto por el que se reforma la fracción III del artículo 10 de la Ley de Educación Naval.,03-Mar-2026,Pendiente Senado.,en_revisora,iniclave/66/CD-LXVI-II-2P-097/01_minuta_097_03mar26.pdf;iniclave/66/CD-LXVI-II-2P-097/02_dictamen_097_03mar26.pdf
CD-LXVI-II-2P-098,II,"PROYECTO de Decreto por el que se adiciona una fracción V Bis al artículo 12 de la Ley para el Desarrollo de la Competitividad de la Micro, Pequeña y Mediana Empresa.",03-Mar-2026,Pendiente Senado.,en_revisora,iniclave/66/CD-LXVI-II-2P-098/01_minuta_098_03mar26.pdf;iniclave/66/CD-LXVI-II-2P-098/02_dictamen_098_03mar26.pdf
CD-LXVI-II-2P-099,II,PROYECTO de Decreto por el que se reforman y adicionan los artículos 83 Bis y 84 de la Ley Federal para Prevenir y Eliminar la Discriminación.,03-Mar-2026,Pendiente Senado.,en_revisora,iniclave/66/CD-LXVI-II-2P-099/01_minuta_099_03mar26.pdf;iniclave/66/CD-LXVI-II-2P-099/02_dictamen_099_03mar26.pdf
CD-LXVI-II-2P-100,II,"PROYECTO de Decreto por el que se adicionan diversas disposiciones a la Ley General de Turismo, en materia de trata de personas.",03-Mar-2026,Pendiente Senado.,en_revisora,iniclave/66/CD-LXVI-II-2P-100/01_minuta_100_03mar26.pdf;iniclave/66/CD-LXVI-II-2P-100/02_dictamen_100_03mar26.pdf
CD-LXVI-II-2P-101,II,PROYECTO de Decreto por el que se reforman los artículos 6 y 71 de la Ley de Vivienda.,03-Mar-2026,Pendiente Senado.,en_revisora,iniclave/66/CD-LXVI-II-2P-101/01_minuta_101_03mar26.pdf;iniclave/66/CD-LXVI-II-2P-101/02_dictamen_101_03mar26.pdf
CD-LXVI-II-2P-102,II,PROYECTO de Decreto por el que se adiciona un tercer párrafo al artículo 17 de la Ley General de la Alimentación Adecuada y Sostenible.,03-Mar-2026,Pendiente Senado.,en_revisora,iniclave/66/CD-LXVI-II-2P-102/01_minuta_102_03mar26.pdf;iniclave/66/CD-LXVI-II-2P-102/02_dictamen_102_03mar26.pdf
CD-LXVI-II-2P-103,II,PROYECTO de Decreto por el que se reforman y adicionan diversas disposiciones a los artículos 3o. Ter y 132 de la Ley Federal del Trabajo.,03-Mar-2026,Pendiente Senado.,en_revisora,iniclave/66/CD-LXVI-II-2P-103/01_minuta_103_03mar26.pdf;iniclave/66/CD-LXVI-II-2P-103/02_dictamen_103_03mar26.pdf
CD-LXVI-II-2P-104,II,PROYECTO de Decreto por el que se reforman el tercer párrafo del artículo 13 y el primer párrafo del artículo 16 de la Ley Federal de Protección al Consumidor.,04-Mar-2026,Pendiente Senado.,en_revisora,iniclave/66/CD-LXVI-II-2P-104/01_minuta_104_04mar26.pdf;iniclave/66/CD-LXVI-II-2P-104/02_dictamen_104_04mar26.pdf
CD-LXVI-II-2P-105,II,"PROYECTO de Decreto por el que se declara la tercera semana de noviembre de cada año, como la ""Semana Nacional de las Mujeres Emprendedoras"".",04-Mar-2026,Pendiente Senado.,en_revisora,iniclave/66/CD-LXVI-II-2P-105/01_minuta_105_04mar26.pdf;iniclave/66/CD-LXVI-II-2P-105/02_dictamen_105_04mar26.pdf
CD-LXVI-II-2P-106,II,"PROYECTO de Decreto por el que se reforma y adiciona el artículo 201 del Código Penal Federal, en materia del delito de corrupción de menores.",04-Mar-2026,Pendiente Senado.,en_revisora,iniclave/66/CD-LXVI-II-2P-106/01_minuta_106_04mar26.pdf;iniclave/66/CD-LXVI-II-2P-106/02_dictamen_106_04mar26.pdf;iniclave/66/CD-LXVI-II-2P-106/01_modifica_106_04mar26.pdf
CD-LXVI-II-2P-107,II,"PROYECTO de Decreto por el que se reforman y adicionan diversas disposiciones de la Ley General de Cambio Climático, en materia de carbono azul.",04-Mar-2026,Pendiente Senado.,en_revisora,iniclave/66/CD-LXVI-II-2P-107/01_minuta_107_04mar26.pdf;iniclave/66/CD-LXVI-II-2P-107/02_dictamen_107_04mar26.pdf
CD-LXVI-II-2P-108,II,"PROYECTO de Decreto por el que se expide la Ley Federal de Cine y el Audiovisual, y se abroga la Ley Federal de Cinematografía.",24-Mar-2026,Aprobado por el Senado el 15-Abr-2026. Pasa al Ejecutivo Federal. Publicado en el DOF el 22-May-2026.,publicada_dof,iniclave/66/CD-LXVI-II-2P-108/01_minuta_108_24mar26.pdf;iniclave/66/CD-LXVI-II-2P-108/02_dictamen_108_24mar26.pdf;iniclave/66/CD-LXVI-II-2P-108/03_dof_108_22may26.pdf
CD-LXVI-II-2P-109,II,"PROYECTO de Decreto por el que se reforman y adicionan diversas disposiciones de la Ley de Vivienda, en materia de vivienda adecuada.",24-Mar-2026,Aprobado por el Senado el 21-Abr-2026. Pasa al Ejecutivo Federal. Publicado en el DOF el 29-Abr-2026.,publicada_dof,iniclave/66/CD-LXVI-II-2P-109/01_minuta_109_24mar26.pdf;iniclave/66/CD-LXVI-II-2P-109/02_dictamen_109_24mar26.pdf;iniclave/66/CD-LXVI-II-2P-109/03_dof_109_29abr29.pdf
CD-LXVI-II-2P-110,II,PROYECTO de Decreto por el que se reforma el artículo 141 del Código Fiscal de la Federación.,25-Mar-2026,Aprobado por el Senado el 07-Abr-2026. Pasa al Ejecutivo Federal. Publicado en el DOF el 09-Abr-2026.,publicada_dof,iniclave/66/CD-LXVI-II-2P-110/01_minuta_110_25mar26.pdf;iniclave/66/CD-LXVI-II-2P-110/02_dictamen_110_25mar26.pdf;iniclave/66/CD-LXVI-II-2P-110/03_dof_110_09abr26.pdf
CD-LXVI-II-2P-111,II,"PROYECTO de Decreto por el que se expide la Ley para el Fomento de la Inversión en Infraestructura Estratégica para el Desarrollo con Bienestar, y se reforman y adicionan diversas disposiciones de la Ley Federal de Presupuesto y Responsabilidad Hacendaria.",25-Mar-2026,Aprobado por el Senado el 07-Abr-2026. Pasa al Ejecutivo Federal. Publicado en el DOF el 09-Abr-2026.,publicada_dof,iniclave/66/CD-LXVI-II-2P-111/01_minuta_111_25mar26.pdf;iniclave/66/CD-LXVI-II-2P-111/02_dictamen_111_25mar26.pdf;iniclave/66/CD-LXVI-II-2P-111/01_modifica_111_25mar26.pdf;iniclave/66/CD-LXVI-II-2P-111/03_dof_111_09abr26.pdf
CD-LXVI-II-2P-112,II,"PROYECTO de Decreto por el que se reforman y adicionan diversas disposiciones de la Ley Federal del Trabajo y de la Ley Federal del Derecho de Autor, en materia de derechos de las personas trabajadoras artistas intérpretes o ejecutantes.",07-Abr-2026,Aprobado por el Senado el 15-Abr-2026. Pasa al Ejecutivo Federal. Publicado en el DOF el 14-May-2026.,publicada_dof,iniclave/66/CD-LXVI-II-2P-112/01_minuta_112_07abr26.pdf;iniclave/66/CD-LXVI-II-2P-112/02_dictamen_112_07abr26.pdf;iniclave/66/CD-LXVI-II-2P-112/01_modifica_112_07abr26.pdf;iniclave/66/CD-LXVI-II-2P-112/03_dof_112_14may26.pdf
CD-LXVI-II-2P-113,II,PROYECTO de Decreto por el que se adiciona una fracción I Sexies al artículo 36 de la Ley Orgánica de la Administración Pública Federal.,09-Abr-2026,Aprobado por el Senado el 21-Abr-2026. Pasa al Ejecutivo Federal. Publicado en el DOF el 07-May-2026.,publicada_dof,iniclave/66/CD-LXVI-II-2P-113/01_minuta_113_09abr26.pdf;iniclave/66/CD-LXVI-II-2P-113/02_dictamen_113_09abr26.pdf;iniclave/66/CD-LXVI-II-2P-113/03_dof_07may26.pdf
CD-LXVI-II-2P-114,II,"PROYECTO de Decreto por el que se reforman y adicionan diversas disposiciones de la Ley General de Salud, en materia de enfermedades raras.",15-Abr-2026,Pendiente Senado.,en_revisora,iniclave/66/CD-LXVI-II-2P-114/01_minuta_114_15abr26.pdf;iniclave/66/CD-LXVI-II-2P-114/02_dictamen_114_15abr26.pdf
CD-LXVI-II-2P-115,II,"PROYECTO de Decreto por el que se adiciona un artículo 29 Bis a la Ley General de Sociedades Cooperativas, en materia de fomento de la cultura organizacional de los pueblos y comunidades indígenas y afromexicanos.",15-Abr-2026,Pendiente Senado.,en_revisora,iniclave/66/CD-LXVI-II-2P-115/01_minuta_115_15abr26.pdf;iniclave/66/CD-LXVI-II-2P-115/02_dictamen_115_15abr26.pdf
CD-LXVI-II-2P-116,II,PROYECTO de Decreto por el que se reforman los párrafos primero y segundo del artículo 279 de la Ley Federal del Trabajo y la fracción XIX del artículo 5 A de la Ley del Seguro Social.,15-Abr-2026,Pendiente Senado.,en_revisora,iniclave/66/CD-LXVI-II-2P-116/01_minuta_116_15abr26.pdf;iniclave/66/CD-LXVI-II-2P-116/02_dictamen_116_15abr26.pdf
CD-LXVI-II-2P-117,II,PROYECTO de Decreto por el que se reforman los artículos 94 de la Ley del Seguro Social y 39 de la Ley del Instituto de Seguridad y Servicios Sociales de los Trabajadores del Estado.,15-Abr-2026,Pendiente Senado.,en_revisora,iniclave/66/CD-LXVI-II-2P-117/01_minuta_117_15abr26.pdf;iniclave/66/CD-LXVI-II-2P-117/02_dictamen_117_15abr26.pdf
CD-LXVI-II-2P-118,II,PROYECTO de Decreto por el que se adiciona el artículo 47 Bis de la Ley de Aviación Civil.,15-Abr-2026,Pendiente Senado.,en_revisora,iniclave/66/CD-LXVI-II-2P-118/01_minuta_118_15abr26.pdf;iniclave/66/CD-LXVI-II-2P-118/02_dictamen_118_15abr26.pdf
CD-LXVI-II-2P-119,II,"PROYECTO de Decreto por el que se declara el 27 de octubre de cada año, como el ""Día Nacional del Xoloitzcuitle"".",15-Abr-2026,Pendiente Senado.,en_revisora,iniclave/66/CD-LXVI-II-2P-119/01_minuta_119_15abr26.pdf;iniclave/66/CD-LXVI-II-2P-119/02_dictamen_119_15abr26.pdf
CD-LXVI-II-2P-120,II,"PROYECTO de Decreto por el que se adiciona un numeral 24 a la fracción I del artículo 18 de la Ley sobre el Escudo, la Bandera y el Himno Nacionales.",15-Abr-2026,Pendiente Senado.,en_revisora,iniclave/66/CD-LXVI-II-2P-120/01_minuta_120_15abr26.pdf;iniclave/66/CD-LXVI-II-2P-120/02_dictamen_120_15abr26.pdf
CD-LXVI-II-2P-121,II,"PROYECTO de Decreto por el que se reforman los artículos 2, primer párrafo, y 18, fracciones VIII y XIII de la Ley para el Desarrollo de la Competitividad de la Micro, Pequeña y Mediana Empresa.",15-Abr-2026,Pendiente Senado.,en_revisora,iniclave/66/CD-LXVI-II-2P-121/01_minuta_121_15abr26.pdf;iniclave/66/CD-LXVI-II-2P-121/02_dictamen_121_15abr26.pdf
CD-LXVI-II-2P-122,II,"PROYECTO de Decreto por el que se declara el 17 de mayo de cada año, como el ""Día Nacional de las y los Productores de Nuez"".",15-Abr-2026,Pendiente Senado.,en_revisora,iniclave/66/CD-LXVI-II-2P-122/01_minuta_122_15abr26.pdf;iniclave/66/CD-LXVI-II-2P-122/02_dictamen_122_15abr26.pdf
CD-LXVI-II-2P-123,II,"PROYECTO de Decreto por el que se adiciona una fracción IX al artículo 2o. de la Ley General de Salud, en materia de prevención para la salud.",15-Abr-2026,Pendiente Senado.,en_revisora,iniclave/66/CD-LXVI-II-2P-123/01_minuta_123_15abr26.pdf;iniclave/66/CD-LXVI-II-2P-123/02_dictamen_123_15abr26.pdf
CD-LXVI-II-2P-124,II,"PROYECTO de Decreto por el que se reforman, adicionan y derogan diversas disposiciones de la Ley de Fiscalización y Rendición de Cuentas de la Federación y de la Ley General de Contabilidad Gubernamental.",15-Abr-2026,"Aprobado por el Senado el 21-Abr-2026. Pasa al Ejecutivo Federal. Publicado en el DOF el 14-May-2026. Fe de erratas , DOF 15-May-2026.",publicada_dof,iniclave/66/CD-LXVI-II-2P-124/01_minuta_124_15abr26.pdf;iniclave/66/CD-LXVI-II-2P-124/02_dictamen_124_15abr26.pdf;iniclave/66/CD-LXVI-II-2P-124/03_dof_124_14may26.pdf;iniclave/66/CD-LXVI-II-2P-124/03_dof_fe_124_15may26.pdf
CD-LXVI-II-2P-125,II,"PROYECTO de Decreto por el que se reforman y adicionan diversas disposiciones de la Ley General de Turismo, en materia de turismo accesible.",21-Abr-2026,Pendiente Senado.,en_revisora,iniclave/66/CD-LXVI-II-2P-125/01_minuta_125_21abr26.pdf;iniclave/66/CD-LXVI-II-2P-125/02_dictamen_125_21abr26.pdf
CD-LXVI-II-2P-126,II,"PROYECTO de Decreto por el que se reforman diversas disposiciones de la Ley Federal del Trabajo, para fomentar el primer empleo de personas jóvenes.",29-Abr-2026,Pendiente Senado.,en_revisora,iniclave/66/CD-LXVI-II-2P-126/01_minuta_126_29abr26.pdf;iniclave/66/CD-LXVI-II-2P-126/02_dictamen_126_29abr26.pdf;iniclave/66/CD-LXVI-II-2P-126/01_modifica_126_29abr26.pdf
CD-LXVI-II-2P-127,II,"PROYECTO de Decreto por el que se adiciona un segundo párrafo al artículo 13 de la Ley Federal de los Trabajadores al Servicio del Estado, Reglamentaria del Apartado B) del Artículo 123 Constitucional.",29-Abr-2026,Pendiente Senado.,en_revisora,iniclave/66/CD-LXVI-II-2P-127/01_minuta_127_29abr26.pdf;iniclave/66/CD-LXVI-II-2P-127/02_dictamen_127_29abr26.pdf
CD-LXVI-II-2P-128,II,"PROYECTO de Decreto por el que se reforma el artículo 15 Bis de la Ley del Instituto Mexicano de la Juventud, en materia de inclusión de juventudes mexicanas residentes en el exterior.",29-Abr-2026,Pendiente Senado.,en_revisora,iniclave/66/CD-LXVI-II-2P-128/01_minuta_128_29abr26.pdf;iniclave/66/CD-LXVI-II-2P-128/02_dictamen_128_29abr26.pdf
CD-LXVI-II-2P-129,II,"PROYECTO de Decreto por el que se reforman y adicionan diversas disposiciones de la Ley General de los Derechos de Niñas, Niños y Adolescentes, en materia de protección a entornos digitales, ciberacoso, violencia digital y protección de datos personales.",29-Abr-2026,Pendiente Senado.,en_revisora,iniclave/66/CD-LXVI-II-2P-129/01_minuta_129_29abr26.pdf;iniclave/66/CD-LXVI-II-2P-129/02_dictamen_129_29abr26.pdf
CD-LXVI-II-2P-130,II,PROYECTO de Decreto por el que se reforma y adiciona el artículo 52 de la Ley de Migración.,29-Abr-2026,Pendiente Senado.,en_revisora,iniclave/66/CD-LXVI-II-2P-130/01_minuta_130_29abr26.pdf;iniclave/66/CD-LXVI-II-2P-130/02_dictamen_130_29abr26.pdf;iniclave/66/CD-LXVI-II-2P-130/01_modifica_130_29abr26.pdf
CD-LXVI-II-2P-131,II,"PROYECTO de Decreto por el que se adiciona una fracción XXIII Bis al artículo 3o. de la Ley General de Cambio Climático, en materia de hidrógeno renovable.",29-Abr-2026,Pendiente Senado.,en_revisora,iniclave/66/CD-LXVI-II-2P-131/01_minuta_131_29abr26.pdf;iniclave/66/CD-LXVI-II-2P-131/02_dictamen_131_29abr26.pdf
CD-LXVI-II-2P-132,II,"PROYECTO de Decreto por el que se reforman y adicionan los artículos 199 Octies y 199 Nonies del Código Penal Federal y 16 de la Ley General para Prevenir, Sancionar y Erradicar los Delitos en Materia de Trata de Personas y para la Protección y Asistencia a las Víctimas de estos Delitos, en materia de delitos cometidos mediante el uso de inteligencia artificial y programas de edición digital.",29-Abr-2026,Pendiente Senado.,en_revisora,iniclave/66/CD-LXVI-II-2P-132/01_minuta_132_29abr26.pdf;iniclave/66/CD-LXVI-II-2P-132/02_dictamen_132_29abr26.pdf
CD-LXVI-II-2P-133,II,"PROYECTO de Decreto por el que se reforman y adicionan diversas disposiciones de la Ley General para la Inclusión de las Personas con Discapacidad, en materia de armonización de la reforma constitucional para el apoyo a personas con discapacidad.",29-Abr-2026,Pendiente Senado.,en_revisora,iniclave/66/CD-LXVI-II-2P-133/01_minuta_133_29abr26.pdf;iniclave/66/CD-LXVI-II-2P-133/02_dictamen_133_29abr26.pdf;iniclave/66/CD-LXVI-II-2P-133/01_modifica_133_29abr26.pdf
CD-LXVI-II-2P-134,II,"PROYECTO de Decreto por el que se reforma la fracción VII del artículo 50 de la Ley General de los Derechos de Niñas, Niños y Adolescentes, en materia de lactancia materna.",29-Abr-2026,Pendiente Senado.,en_revisora,iniclave/66/CD-LXVI-II-2P-134/01_minuta_134_29abr26.pdf;iniclave/66/CD-LXVI-II-2P-134/02_dictamen_134_29abr26.pdf
CD-LXVI-II-2P-135,II,PROYECTO de Decreto por el que se reforma la fracción XVI del artículo 30 de la Ley General de Educación.,29-Abr-2026,Pendiente Senado.,en_revisora,iniclave/66/CD-LXVI-II-2P-135/01_minuta_135_29abr26.pdf;iniclave/66/CD-LXVI-II-2P-135/02_dictamen_135_29abr26.pdf
CD-LXVI-II-2P-136,II,PROYECTO de Decreto por el que se adicionan diversas disposiciones de la Ley Nacional del Registro de Detenciones.,29-Abr-2026,Pendiente Senado.,en_revisora,iniclave/66/CD-LXVI-II-2P-136/01_minuta_136_29abr26.pdf;iniclave/66/CD-LXVI-II-2P-136/02_dictamen_136_29abr26.pdf
CD-LXVI-II-1E-137,II,"PROYECTO de Decreto por el que se reforman y adicionan diversas disposiciones de la Constitución Política de los Estados Unidos Mexicanos, en materia de reforma del Poder Judicial.",26-May-2026,Aprobado por el Senado el 28-May-2026. Pasa a las Legislaturas de los Estados y de la Ciudad de México. Declaratoria de la Comisión Permanente el 01-Jun-2026. Publicado en el DOF el 02-Jun-2026.,publicada_dof,iniclave/66/CD-LXVI-II-1E-137/01_minuta_137_26may26.pdf;iniclave/66/CD-LXVI-II-1E-137/02_dictamen_137_26may26.pdf;iniclave/66/CD-LXVI-II-1E-137/01_modifica_137_26may26.pdf;iniclave/66/CD-LXVI-II-1E-137/03_dof_137_02jun26.pdf
CD-LXVI-II-1E-138,II,"PROYECTO de Decreto por el que se adiciona un inciso a la base VI del artículo 41 de la Constitución Política de los Estados Unidos Mexicanos, para introducir una nueva causal de nulidad de elecciones por intervención extranjera.",26-May-2026,Aprobado por el Senado el 28-May-2026. Pasa a las Legislaturas de los Estados y de la Ciudad de México. Declaratoria de la Comisión Permanente el 01-Jun-2026. Publicado en el DOF el 02-Jun-2026.,publicada_dof,iniclave/66/CD-LXVI-II-1E-138/01_minuta_138_26may26.pdf;iniclave/66/CD-LXVI-II-1E-138/02_dictamen_138_26may26.pdf;iniclave/66/CD-LXVI-II-1E-138/01_modifica_138_26may26.pdf;iniclave/66/CD-LXVI-II-1E-138/03_dof_138_02jun26.pdf
CD-LXVI-II-1E-139,II,"PROYECTO de Decreto por el que se reforman y adicionan diversas disposiciones de la Ley General de Instituciones y Procedimientos Electorales, en Materia de Integridad en Candidaturas.",28-May-2026,Aprobado por el Senado el 28-May-2026. Pasa al Ejecutivo Federal. Publicado en el DOF el 02-Jun-2026.,publicada_dof,iniclave/66/CD-LXVI-II-1E-139/01_minuta_139_28may26.pdf;iniclave/66/CD-LXVI-II-1E-139/02_dictamen_139_28may26.pdf;iniclave/66/CD-LXVI-II-1E-139/01_modifica_139_28may26.pdf;iniclave/66/CD-LXVI-II-1E-139/03_dof_139_02jun26.pdf
