clave,legislatura,anio,periodo,numero,denominacion,fecha_presentacion,fecha_aprobacion,origen,estatus,expediente_ref,ods_principal,ods_secundarios,tema,confianza,metas
MIN-EJE-1,LXVI,,,1,"Que reforma y adiciona diversas disposiciones de la Ley General de Instituciones y Procedimientos Electorales, en materia de elección de personas juzgadoras del Poder Judicial de la Federación.",08/10/2024,14/10/2024,Ejecutivo Federal,Publicado en DOF el 14/10/2024,EJE-2024-2030-1-aprobadas-y-o-publicadas-en-dof,16,,Reforma judicial: elección de juzgadores,alta,16.3;16.6
MIN-EJE-2,LXVI,,,2,"Que reforma y adiciona diversas disposiciones de la Ley General del Sistema de Medios de Impugnación en Materia Electoral, relativa a la actualización de los medios de impugnación en el proceso de elección de los integrantes del Poder Judicial de la Federación.",08/10/2024,15/10/2024,Ejecutivo Federal,Publicado en DOF el 15/10/2024,EJE-2024-2030-2-aprobadas-y-o-publicadas-en-dof,16,,Reforma judicial: medios de impugnación,alta,16.3;16.6
MIN-EJE-3,LXVI,,,3,"Que reforma y adiciona diversas disposiciones de la Ley General para la Igualdad entre Mujeres y Hombres, de la Ley General de Acceso de las Mujeres a una Vida Libre de Violencia y del Código Nacional de Procedimientos Civiles y Familiares.",09/10/2024,16/12/2024,Ejecutivo Federal,Publicado en DOF el 16/12/2024,EJE-2024-2030-3-aprobadas-y-o-publicadas-en-dof,5,16,Igualdad y vida libre de violencia (secundarias),alta,5.1;5.2;5.c
MIN-EJE-4,LXVI,,,4,Que reforma y adiciona diversas disposiciones del Código Nacional de Procedimientos Penales y de la Ley General del Sistema Nacional de Seguridad Pública.,09/10/2024,16/12/2024,Ejecutivo Federal,Publicado en DOF el 16/12/2024,EJE-2024-2030-4-aprobadas-y-o-publicadas-en-dof,16,,Procedimientos penales y seguridad,alta,16.3
MIN-EJE-5,LXVI,,,5,"Que reforma y adiciona diversas disposiciones de la Ley Federal del Trabajo y de la Ley Federal de los Trabajadores al Servicio del Estado, Reglamentaria del Apartado B, del Artículo 123 Constitucional.",09/10/2024,16/12/2024,Ejecutivo Federal,Publicado en DOF el 16/12/2024,EJE-2024-2030-5-aprobadas-y-o-publicadas-en-dof,5,8,Igualdad sustantiva en el ámbito laboral,media,5.1;8.5
MIN-EJE-6,LXVI,,,6,"Que reforma los artículos 4°, párrafo primero; 21, párrafo noveno; 41, párrafo segundo; 73, fracción XXI, penúltimo párrafo; 123, apartados A, fracción VII y B, fracción V y se adiciona un último párrafo al artículo 4° y un segundo párrafo de la fracción IX del artículo 116, todos de la Constitución Política de los Estados Unidos Mexicanos, en materia de igualdad sustantiva, perspectiva de género, derecho de las mujeres a una vida libre de violencia y erradicación de la brecha salarial por razones de género.",09/10/2024,15/11/2024,Ejecutivo Federal,Publicado en DOF el 15/11/2024,EJE-2024-2030-6-aprobadas-y-o-publicadas-en-dof,5,8;16,Igualdad sustantiva y brecha salarial (constitucional),alta,5.1;5.5;8.5
MIN-EJE-7,LXVI,,,7,"Que reforma, adiciona y deroga diversas disposiciones de la Ley Orgánica de la Administración Pública Federal.",05/11/2024,28/11/2024,Ejecutivo Federal,Publicado en DOF el 28/11/2024,EJE-2024-2030-7-aprobadas-y-o-publicadas-en-dof,16,,Reorganización de la Administración Pública Federal,alta,16.6
MIN-EJE-8,LXVI,,,8,"Que reforma y adiciona el artículo 21 de la Constitución Política de los Estados Unidos Mexicanos, en materia de seguridad pública.",06/11/2024,31/12/2024,Ejecutivo Federal,Publicado en DOF el 31/12/2024,EJE-2024-2030-8-aprobadas-y-o-publicadas-en-dof,16,,Seguridad pública (art. 21 constitucional),alta,16.1;16.6
MIN-EJE-9,LXVI,,,9,Que expide la Ley de Ingresos de la Federación para el Ejercicio Fiscal 2025.,20/11/2024,19/12/2024,Ejecutivo Federal,Publicado en DOF el 19/12/2024,EJE-2024-2030-9-aprobadas-y-o-publicadas-en-dof,17,,Ley de Ingresos 2025,alta,17.1
MIN-EJE-10,LXVI,,,10,Proyecto de Presupuesto de Egresos de la Federación para el Ejercicio Fiscal 2025.,20/11/2024,24/12/2024,Ejecutivo Federal,Publicado en DOF el 24/12/2024,EJE-2024-2030-10-aprobadas-y-o-publicadas-en-dof,17,,Presupuesto de Egresos 2025,alta,17.1
MIN-EJE-11,LXVI,,,11,"Que reforma, adiciona y deroga diversas disposiciones de la Ley Federal de Derechos.",20/11/2024,19/12/2024,Ejecutivo Federal,Publicado en DOF el 19/12/2024,EJE-2024-2030-11-aprobadas-y-o-publicadas-en-dof,17,,Ley Federal de Derechos 2025,alta,17.1
MIN-EJE-12,LXVI,,,12,Que expide la Ley Orgánica del Poder Judicial de la Federación.,20/11/2024,20/12/2024,Ejecutivo Federal,Publicado en DOF el 20/12/2024,EJE-2024-2030-12-aprobadas-y-o-publicadas-en-dof,16,,Ley Orgánica del Poder Judicial,alta,16.3;16.6
MIN-EJE-13,LXVI,,,13,Que expide la Ley de Carrera Judicial del Poder Judicial de la Federación.,20/11/2024,02/01/2025,Ejecutivo Federal,Publicado en DOF el 02/01/2025,EJE-2024-2030-13-aprobadas-y-o-publicadas-en-dof,16,,Carrera judicial,alta,16.6
MIN-EJE-14,LXVI,,,14,"Que reforma, adiciona y deroga diversas disposiciones de la Ley General de Responsabilidades Administrativas.",20/11/2024,02/01/2025,Ejecutivo Federal,Publicado en DOF el 02/01/2025,EJE-2024-2030-14-aprobadas-y-o-publicadas-en-dof,16,,Responsabilidades administrativas (anticorrupción),alta,16.5;16.6
MIN-EJE-15,LXVI,,,15,"Que adiciona la fracción VI al artículo 49; la fracción IV al artículo 50; la fracción IX al artículo 127; el capítulo IX Bis y el artículo 997-B de la Ley Federal del Trabajo, en materia de trabajo en plataformas digitales.",05/12/2024,24/12/2024,Ejecutivo Federal,Publicado en DOF el 24/12/2024,EJE-2024-2030-15-aprobadas-y-o-publicadas-en-dof,8,9,Trabajo en plataformas digitales,alta,8.5;8.8
MIN-EJE-16,LXVI,,,16,"Que reforma y adiciona disposiciones de la Ley Reglamentaria de las fracciones I y II del artículo 105 de la Constitución Política de los Estados Unidos Mexicanos, para adecuar la normativa respecto de la reforma constitucional en materia de reforma al Poder Judicial.",10/12/2024,03/04/2025,Ejecutivo Federal,Publicado en DOF el 03/04/2025,EJE-2024-2030-16-aprobadas-y-o-publicadas-en-dof,16,,Ley reglamentaria art. 105 (justicia constitucional),alta,16.3;16.6
MIN-EJE-17,LXVI,,,17,"Que reforma y deroga diversas disposiciones de la Ley de Amparo, reglamentaria de los artículos 103 y 107 de la Constitución Política de los Estados Unidos Mexicanos, para sentar las bases legales para una administración de justicia constitucional pronta, expedita, oportuna y, como valor de guía el carácter supremo de la Constitución Nacional y los derechos de las personas y el interés social.",10/12/2024,13/03/2025,Ejecutivo Federal,Publicado en DOF el 13/03/2025,EJE-2024-2030-17-aprobadas-y-o-publicadas-en-dof,16,,Reforma a la Ley de Amparo,alta,16.3
MIN-EJE-18,LXVI,,,18,Que reforma y adiciona diversas disposiciones de la Ley de Ascensos y Recompensas del Ejército y Fuerza Aérea.,11/12/2024,15/04/2025,Ejecutivo Federal,Publicado en DOF el 15/04/2025,EJE-2024-2030-18-aprobadas-y-o-publicadas-en-dof,16,,Ascensos y recompensas del Ejército,alta,16.6
MIN-EJE-19,LXVI,,,19,"Que reforma, adiciona y deroga diversas disposiciones a la Ley del Instituto del Fondo Nacional de la Vivienda para los Trabajadores y de la Ley Federal del Trabajo, en materia de vivienda con orientación social.",12/12/2024,21/02/2025,Ejecutivo Federal,Publicado en DOF el 21/02/2025,EJE-2024-2030-19-aprobadas-y-o-publicadas-en-dof,11,1;10,Vivienda social (INFONAVIT),alta,11.1;1.4
MIN-EJE-20,LXVI,,,20,"Que el Honorable Congreso de la Unión declara al año 2025 como: 2025, Año de la Mujer Indígena.",08/01/2025,21/02/2025,Ejecutivo Federal,Publicado en DOF el 21/02/2025,EJE-2024-2030-20-aprobadas-y-o-publicadas-en-dof,5,10,"2025, Año de la Mujer Indígena",alta,5.1;10.2
MIN-EJE-21,LXVI,,,21,"Que reforma los artículos 4o. y 27 de la Constitución Política de los Estados Unidos Mexicanos, en materia de conservación y protección de los maíces nativos.",29/01/2025,17/03/2025,Ejecutivo Federal,Publicado en DOF el 17/03/2025,EJE-2024-2030-21-aprobadas-y-o-publicadas-en-dof,2,15,Protección de maíces nativos,alta,2.5
MIN-EJE-22,LXVI,,,22,"Que expide la Ley de la Empresa Pública del Estado, Comisión Federal de Electricidad; la Ley de la Empresa Pública del Estado, Petróleos Mexicanos; la Ley del Sector Eléctrico; la Ley del Sector Hidrocarburos; la Ley de Planeación y Transición Energética; la Ley de Biocombustibles; la Ley de Geotermia y, la Ley de la Comisión Nacional de Energía; reforma diversas disposiciones de la Ley del Fondo Mexicano del Petróleo para la Estabilización y el Desarrollo y, reforma, adiciona y deroga diversas disposiciones de la Ley de Ingresos Sobre Hidrocarburos y de la Ley Orgánica de la Administración Pública Federal.",05/02/2025,18/03/2025,Ejecutivo Federal,Publicado en DOF el 18/03/2025,EJE-2024-2030-22-aprobadas-y-o-publicadas-en-dof,7,9;13,"Paquete energético (CFE, Pemex, transición)",alta,7.1;7.2;7.b
MIN-EJE-23,LXVI,,,23,"Que reforma y adiciona diversas disposiciones de la Constitución Política de los Estados Unidos Mexicanos, en materia de no reelección y nepotismo electoral.",11/02/2025,01/04/2025,Ejecutivo Federal,Publicado en DOF el 01/04/2025,EJE-2024-2030-23-aprobadas-y-o-publicadas-en-dof,16,,No reelección y nepotismo electoral,alta,16.5;16.6
MIN-EJE-24,LXVI,,,24,"Remite la parte correspondiente a la Ley de Ingresos Sobre Hidrocarburos de la iniciativa con proyecto de decreto por el que se expiden la Ley de la Empresa Pública del Estado, Comisión Federal de Electricidad; la Ley de la Empresa Pública del Estado, Petróleos Mexicanos; la Ley del Sector Eléctrico; la Ley del Sector Hidrocarburos; la Ley de Planeación y Transición Energética; la Ley de Biocombustibles; la Ley de Geotermia, y la Ley de la Comisión Nacional de Energía; se reforman diversas disposiciones de la Ley del Fondo Mexicano del Petróleo para la Estabilización y el Desarrollo; y se reforman, adicionan y derogan diversas disposiciones de la Ley de Ingresos Sobre Hidrocarburos y de la Ley Orgánica de la Administración Pública Federal, presentada por la Titular del Ejecutivo Federal.",11/02/2025,18/03/2025,Ejecutivo Federal,Publicado en DOF el 18/03/2025,EJE-2024-2030-24-aprobadas-y-o-publicadas-en-dof,7,17,Ingresos sobre hidrocarburos (paquete energético),alta,7.1;17.1
MIN-EJE-25,LXVI,,,25,Que expide la Ley del Sistema Nacional de Investigación e Inteligencia en Materia de Seguridad Pública.,18/02/2025,16/07/2025,Ejecutivo Federal,Publicado en DOF el 16/07/2025,EJE-2024-2030-25-aprobadas-y-o-publicadas-en-dof,16,,Sistema de investigación e inteligencia,alta,16.1;16.a
MIN-EJE-26,LXVI,,,26,Que expide la Ley General del Sistema Nacional de Seguridad Pública.,18/02/2025,16/07/2025,Ejecutivo Federal,Publicado en DOF el 16/07/2025,EJE-2024-2030-26-aprobadas-y-o-publicadas-en-dof,16,,Sistema Nacional de Seguridad Pública,alta,16.1;16.a
MIN-EJE-27,LXVI,,,27,"Que reforma el párrafo décimo del artículo 25 y la fracción XXIX-Y del artículo 73 de la Constitución Política de los Estados Unidos Mexicanos, en materia de simplificación administrativa y digitalización.",19/02/2025,15/04/2025,Ejecutivo Federal,Publicado en DOF el 15/04/2025,EJE-2024-2030-27-aprobadas-y-o-publicadas-en-dof,16,9,Simplificación administrativa y digitalización,alta,16.6;9.c
MIN-EJE-28,LXVI,,,28,"Que reforma el artículo 19 y adiciona dos párrafos al artículo 40 de la Constitución Política de los Estados Unidos Mexicanos, en materia de fortalecimiento de la soberanía nacional.",25/02/2025,01/04/2025,Ejecutivo Federal,Publicado en DOF el 01/04/2025,EJE-2024-2030-28-aprobadas-y-o-publicadas-en-dof,16,,Soberanía nacional (arts. 19 y 40),alta,16.6
MIN-EJE-29,LXVI,,,29,"Que expide la Ley General de Transparencia y Acceso a la Información Pública, la Ley General de Protección de Datos Personales en Posesión de Sujetos Obligados y la Ley Federal de Protección de Datos Personales en Posesión de los Particulares y reforma la fracción XV del artículo 37 de la Ley Orgánica de la Administración Pública Federal.",25/02/2025,20/03/2025,Ejecutivo Federal,Publicado en DOF el 20/03/2025,EJE-2024-2030-29-aprobadas-y-o-publicadas-en-dof,16,,Transparencia y datos personales (nueva arquitectura),alta,16.6;16.10
MIN-EJE-30,LXVI,,,30,"Que expide la Ley de Adquisiciones, Arrendamientos y Servicios del Sector Público y se reforman, adicionan y derogan diversas disposiciones de la Ley Federal de Austeridad Republicana, de la Ley de la Economía Social y Solidaria y de la Ley General de Sociedades Cooperativas.",19/03/2025,16/04/2025,Ejecutivo Federal,Publicado en DOF el 16/04/2025,EJE-2024-2030-30-aprobadas-y-o-publicadas-en-dof,16,12,Adquisiciones públicas y economía social,alta,16.6;12.7
MIN-EJE-31,LXVI,,,31,"Que reforma, adiciona y deroga diversas disposiciones de la Ley de Obras Públicas y Servicios Relacionados con las Mismas.",19/03/2025,16/04/2025,Ejecutivo Federal,Publicado en DOF el 16/04/2025,EJE-2024-2030-31-aprobadas-y-o-publicadas-en-dof,9,16,Obras públicas,alta,9.1;16.6
MIN-EJE-32,LXVI,,,32,"Que reforma, adiciona y deroga diversas disposiciones de la Ley General en Materia de Desaparición Forzada de Personas, Desaparición Cometida por Particulares y del Sistema Nacional de Búsqueda de Personas, así como de la Ley General de Población, en materia de fortalecimiento de búsqueda, localización e identificación de personas desaparecidas.",01/04/2025,16/07/2025,Ejecutivo Federal,Publicado en DOF el 16/07/2025,EJE-2024-2030-32-aprobadas-y-o-publicadas-en-dof,16,,Desaparición forzada y búsqueda de personas,alta,16.1;16.3
MIN-EJE-33,LXVI,,,33,"Que reforma la Ley que establece Bases para la Ejecución en México, por el Poder Ejecutivo Federal, del Convenio Constitutivo de la Asociación Internacional de Fomento.",22/04/2025,06/06/2025,Ejecutivo Federal,Publicado en DOF el 06/06/2025,EJE-2024-2030-33-aprobadas-y-o-publicadas-en-dof,17,,Asociación Internacional de Fomento (Banco Mundial),alta,17.3
MIN-EJE-34,LXVI,,,34,Que expide la Ley Nacional para Eliminar Trámites Burocráticos.,23/04/2025,16/07/2025,Ejecutivo Federal,Publicado en DOF el 16/07/2025,EJE-2024-2030-34-aprobadas-y-o-publicadas-en-dof,16,,Eliminación de trámites burocráticos,alta,16.6
MIN-EJE-35,LXVI,,,35,Que expide la Ley en Materia de Telecomunicaciones y Radiodifusión.,23/04/2025,16/07/2025,Ejecutivo Federal,Publicado en DOF el 16/07/2025,EJE-2024-2030-35-aprobadas-y-o-publicadas-en-dof,9,16,Telecomunicaciones y radiodifusión,alta,9.c;16.10
MIN-EJE-36,LXVI,,,36,"Que reforma el artículo 18 de la Ley sobre el Escudo, la Bandera y el Himno Nacionales, en materia de reconocimiento a las mujeres que han transformado nuestra Patria.",24/04/2025,21/07/2025,Ejecutivo Federal,Publicado en DOF el 21/07/2025,EJE-2024-2030-36-aprobadas-y-o-publicadas-en-dof,5,,Reconocimiento a las mujeres (símbolos patrios),alta,5.1
MIN-EJE-37,LXVI,,,37,"Que reforma, adiciona y deroga diversas disposiciones de la Ley Reglamentaria del Servicio Ferroviario; de la Ley Orgánica de la Administración Pública Federal; de la Ley de Caminos, Puentes y Autotransporte Federal; de la Ley de Vías Generales de Comunicación, y de la Ley General de Bienes Nacionales, en materia ferroviaria y de armonización normativa.",24/04/2025,16/07/2025,Ejecutivo Federal,Publicado en DOF el 16/07/2025,EJE-2024-2030-37-aprobadas-y-o-publicadas-en-dof,9,11,Sistema ferroviario,alta,9.1;11.2
MIN-EJE-38,LXVI,,,38,Que reforma adiciona y deroga diversas disposiciones de la Ley Federal de Competencia Económica y de la Ley Federal de las Entidades Paraestatales.,28/04/2025,16/07/2025,Ejecutivo Federal,Publicado en DOF el 16/07/2025,EJE-2024-2030-38-aprobadas-y-o-publicadas-en-dof,8,16,Competencia económica,media,8.3
MIN-EJE-39,LXVI,,,39,"Que reforma, adiciona y deroga diversas disposiciones de la Ley General de Desarrollo Social, de la Ley Federal de Presupuesto y Responsabilidad Hacendaria y de la Ley de Contabilidad Gubernamental.",27/05/2025,16/07/2025,Ejecutivo Federal,Publicado en DOF el 16/07/2025,EJE-2024-2030-39-aprobadas-y-o-publicadas-en-dof,1,10,Desarrollo social y programas de bienestar,alta,1.3;10.4
MIN-EJE-40,LXVI,,,40,"Que expide la Ley de la Guardia Nacional; y reforma, adiciona y deroga diversas disposiciones de la Ley Orgánica de la Administración Pública Federal; de la Ley Orgánica del Ejército y Fuerza Aérea Mexicanos; de la Ley de Educación Militar del Ejército y Fuerza Aérea Mexicanos; de la Ley de Ascensos y Recompensas del Ejército y Fuerza Aérea Mexicanos; de la Ley del Instituto de Seguridad Social para las Fuerzas Armadas Mexicanas; de la Ley de Disciplina del Ejército y Fuerza Aérea Mexicanos; del Código de Justicia Militar y del Código Militar de Procedimientos Penales.",11/06/2025,16/07/2025,Ejecutivo Federal,Publicado en DOF el 16/07/2025,EJE-2024-2030-40-aprobadas-y-o-publicadas-en-dof,16,,Ley de la Guardia Nacional,alta,16.1;16.a
MIN-EJE-41,LXVI,,,41,"Que reforma, adiciona y deroga diversas disposiciones de la Ley Federal de Procedimiento Contencioso Administrativo.",25/06/2025,09/06/2026,Ejecutivo Federal,Publicado en DOF el 09/06/2026,EJE-2024-2030-41-aprobadas-y-o-publicadas-en-dof,16,,Justicia contencioso-administrativa,alta,16.3;16.6
MIN-EJE-42,LXVI,,,42,"Que reforma el inciso a) de la fracción XXI del artículo 73 de la Constitución Política de los Estados Unidos Mexicano, en materia de extorsión.",16/07/2025,09/10/2025,Ejecutivo Federal,Publicado en DOF el 09/10/2025,EJE-2024-2030-42-aprobadas-y-o-publicadas-en-dof,16,,Extorsión (constitucional),alta,16.1;16.3
MIN-EJE-43,LXVI,,,43,Que expide la Ley de Ingresos de la Federación para el Ejercicio Fiscal 2026.,09/09/2025,07/11/2025,Ejecutivo Federal,Publicado en DOF el 07/11/2025,EJE-2024-2030-43-aprobadas-y-o-publicadas-en-dof,17,,Ley de Ingresos 2026,alta,17.1
MIN-EJE-44,LXVI,,,44,Proyecto de Presupuesto de Egresos de la Federación para el Ejercicio Fiscal 2026.,09/09/2025,21/11/2025,Ejecutivo Federal,Publicado en DOF el 21/11/2025,EJE-2024-2030-44-aprobadas-y-o-publicadas-en-dof,17,,Presupuesto de Egresos 2026,alta,17.1
MIN-EJE-45,LXVI,,,45,"Que reforma, adiciona y deroga diversas disposiciones de la Ley Federal de Derechos.",09/09/2025,07/11/2025,Ejecutivo Federal,Publicado en DOF el 07/11/2025,EJE-2024-2030-45-aprobadas-y-o-publicadas-en-dof,17,,Ley Federal de Derechos 2026,alta,17.1
MIN-EJE-46,LXVI,,,46,"Que reforma, adiciona y deroga diversas disposiciones de la Ley del Impuesto Especial sobre Producción y Servicios.",09/09/2025,07/11/2025,Ejecutivo Federal,Publicado en DOF el 07/11/2025,EJE-2024-2030-46-aprobadas-y-o-publicadas-en-dof,3,17,IEPS: impuestos saludables,media,3.4;3.a;17.1
MIN-EJE-47,LXVI,,,47,"Que reforma, adiciona y deroga diversas disposiciones del Código Fiscal de la Federación.",09/09/2025,07/11/2025,Ejecutivo Federal,Publicado en DOF el 07/11/2025,EJE-2024-2030-47-aprobadas-y-o-publicadas-en-dof,17,16,Código Fiscal de la Federación,media,17.1;16.5
MIN-EJE-48,LXVI,,,48,Que reforma diversas fracciones arancelarias de la tarifa de la Ley de los Impuestos Generales de Importación y Exportación.,09/09/2025,29/12/2025,Ejecutivo Federal,Publicado en DOF el 29/12/2025,EJE-2024-2030-48-aprobadas-y-o-publicadas-en-dof,9,17,Aranceles (fracciones arancelarias),media,9.2
MIN-EJE-49,LXVI,,,49,"Que reforma, adiciona y deroga diversas disposiciones de la Ley Aduanera.",09/09/2025,19/11/2025,Ejecutivo Federal,Publicado en DOF el 19/11/2025,EJE-2024-2030-49-aprobadas-y-o-publicadas-en-dof,16,17,Reforma aduanera,alta,16.5
MIN-EJE-50,LXVI,,,50,"Con proyecto de decreto por el que se reforma y adiciona diversas disposiciones a la Ley de Amparo, Reglamentaria de los artículos 103 y 107 de la Constitución Política de los Estados Unidos Mexicanos, al Código Fiscal de la Federación y a la Ley Orgánica del Tribunal Federal de Justicia Administrativa.",17/09/2025,16/10/2025,Ejecutivo Federal,Publicado en DOF el 16/10/2025,EJE-2024-2030-50-aprobadas-y-o-publicadas-en-dof,16,,"Amparo, fiscal y justicia administrativa",alta,16.3
MIN-EJE-51,LXVI,,,51,"Con proyecto de decreto por el que reforma y adiciona diversas disposiciones a la Ley Federal de Protección a la Propiedad Industrial, en Materia de Transferencia de Tecnología y para Simplificar el Proceso de Protección de Patentes y Registros.",17/09/2025,03/04/2026,Ejecutivo Federal,Publicado en DOF el 03/04/2026,EJE-2024-2030-51-aprobadas-y-o-publicadas-en-dof,9,,Propiedad industrial y transferencia de tecnología,alta,9.5;9.b
MIN-EJE-52,LXVI,,,52,"Que reforma adiciona y deroga diversas disposiciones de la Ley General de Salud, en materia de prohibición de cigarrillos electrónicos, vapeadores y otros sistemas o dispositivos análogos, y otras materias que fortalecen la atención de la salud de la población.",30/09/2025,15/01/2026,Ejecutivo Federal,Publicado en DOF el 15/01/2026,EJE-2024-2030-52-aprobadas-y-o-publicadas-en-dof,3,,Salud: prohibición de vapeadores,alta,3.4;3.a
MIN-EJE-53,LXVI,,,53,Que expide la Ley Orgánica de la Armada de México.,07/10/2025,07/11/2025,Ejecutivo Federal,Publicado en DOF el 07/11/2025,EJE-2024-2030-53-aprobadas-y-o-publicadas-en-dof,16,,Ley Orgánica de la Armada,alta,16.6
MIN-EJE-54,LXVI,,,54,"Que expide la Ley General de Aguas; y se reforman, adicionan y derogan diversas disposiciones de la Ley de Aguas Nacionales.",14/10/2025,11/12/2025,Ejecutivo Federal,Publicado en DOF el 11/12/2025,EJE-2024-2030-54-aprobadas-y-o-publicadas-en-dof,6,,Ley General de Aguas,alta,6.1;6.2;6.4;6.5;6.b
MIN-EJE-55,LXVI,,,55,"Que expide la Ley General para Prevenir, Investigar y Sancionar los Delitos en materia de Extorsión, Reglamentaria de la fracción XXI del artículo 73 de la Constitución Política de los Estados Unidos Mexicanos; y se reforman, adicionan y derogan diversas disposiciones del Código Penal Federal, del Código Nacional de Procedimientos Penales, de la Ley Federal contra la Delincuencia Organizada, de la Ley Nacional de Extinción de Dominio y de la Ley Orgánica del Poder Judicial de la Federación.",21/10/2025,28/11/2025,Ejecutivo Federal,Publicado en DOF el 28/11/2025,EJE-2024-2030-55-aprobadas-y-o-publicadas-en-dof,16,,Ley General contra la Extorsión,alta,16.1;16.3;16.4
MIN-EJE-56,LXVI,,,56,"Que reforma, adiciona y deroga diversas disposiciones de la Ley General para la Igualdad entre Mujeres y Hombres; de la Ley General de Acceso de las Mujeres a una Vida Libre de Violencia; del Código Nacional de Procedimientos Civiles y Familiares; de la Ley Federal de los Trabajadores al Servicio del Estado, Reglamentaria del Apartado B) del artículo 123 Constitucional; de la Ley General de Desarrollo Social, de la Ley General de Salud; de la Ley General de Educación; de la Ley del Seguro Social; de la Ley de Migración; de la Ley General de los Derechos de Niñas, Niños y Adolescentes; de la Ley del Instituto de Seguridad y Servicios Sociales de los Trabajadores del Estado; de la Ley de Planeación; de la Ley de Vivienda; de la Ley Federal del Trabajo; de la Ley Federal del Derecho de Autor; de la Ley Federal de Protección a la Propiedad Industrial y de la Ley General de Cultura y Derechos Culturales.",25/11/2025,15/01/2026,Ejecutivo Federal,Publicado en DOF el 15/01/2026,EJE-2024-2030-56-aprobadas-y-o-publicadas-en-dof,5,8;4;3;10,Igualdad sustantiva: reforma a 17 leyes,alta,5.1;5.2;5.4;5.5;5.c
MIN-EJE-57,LXVI,,,57,Que reforma y adiciona diversas disposiciones de la Ley de Ascensos de la Armada de México.,25/11/2025,17/12/2025,Ejecutivo Federal,Publicado en DOF el 17/12/2025,EJE-2024-2030-57-aprobadas-y-o-publicadas-en-dof,16,,Ascensos de la Armada,alta,16.6
MIN-EJE-58,LXVI,,,58,"Que declara al año 2026 como -2026, Año de Margarita Maza Parada-.",25/11/2025,29/12/2025,Ejecutivo Federal,Publicado en DOF el 29/12/2025,EJE-2024-2030-58-aprobadas-y-o-publicadas-en-dof,5,,"2026, Año de Margarita Maza",media,5.1
MIN-EJE-59,LXVI,,,59,Que establecen las características de una Moneda Conmemorativa alusiva al 200 Aniversario de la Consolidación de la Independencia de México en la Mar.,25/11/2025,17/12/2025,Ejecutivo Federal,Publicado en DOF el 17/12/2025,EJE-2024-2030-59-aprobadas-y-o-publicadas-en-dof,,,Moneda conmemorativa (Independencia en la mar),alta,
MIN-EJE-60,LXVI,,,60,"Que reforma el Artículo Segundo del diverso por el que se reforma el inciso b) del artículo 2º de la Ley Monetaria de los Estados Unidos Mexicanos, y se señalan las características de la Moneda de veinte pesos, publicado en el Diario Oficial de la Federación el 8 de diciembre de 1992.",02/12/2025,19/01/2026,Ejecutivo Federal,Publicado en DOF el 19/01/2026,EJE-2024-2030-60-aprobadas-y-o-publicadas-en-dof,,,Moneda de veinte pesos,alta,
MIN-EJE-61,LXVI,,,61,"Que reforman y adicionan diversas disposiciones de la Ley Monetaria de los Estados Unidos Mexicanos, y se señalan las características de las monedas de cinco, diez, veinte y cincuenta centavos y de uno, dos, cinco y diez pesos, publicado el 22 de junio de 1992, en el Diario Oficial de la Federación, únicamente por lo que hace a la moneda de diez pesos.",02/12/2025,19/01/2026,Ejecutivo Federal,Publicado en DOF el 19/01/2026,EJE-2024-2030-61-aprobadas-y-o-publicadas-en-dof,,,Moneda de diez pesos,alta,
MIN-EJE-62,LXVI,,,62,"Por el que se reforma y adiciona diversas disposiciones del artículo 123, apartado A de la Constitución Política de los Estados Unidos Mexicanos, en materia de reducción de la jornada laboral.",03/12/2025,03/03/2026,Ejecutivo Federal,Publicado en DOF el 03/03/2026,EJE-2024-2030-62-aprobadas-y-o-publicadas-en-dof,8,,Reducción de jornada laboral (constitucional),alta,8.5;8.8
MIN-EJE-63,LXVI,,,63,"Por el que se reforma, adiciona y deroga diversas disposiciones de la Ley Federal del Trabajo, en materia de reducción de la jornada laboral.",03/12/2025,01/05/2026,Ejecutivo Federal,Publicado en DOF el 01/05/2026,EJE-2024-2030-63-aprobadas-y-o-publicadas-en-dof,8,,Reducción de jornada laboral (LFT),alta,8.5;8.8
MIN-EJE-64,LXVI,,,64,"Que establecen las características de tres monedas conmemorativas de la Copa Mundial de la FIFA 2026, organizada por México-Estados Unidos-Canadá.",21/01/2026,10/03/2026,Ejecutivo Federal,Publicado en DOF el 10/03/2026,EJE-2024-2030-64-aprobadas-y-o-publicadas-en-dof,,,Monedas conmemorativas Mundial FIFA 2026,alta,
MIN-EJE-65,LXVI,,,65,"Que reforma y adiciona diversas disposiciones de la Ley Federal del Trabajo y de la Ley Federal del Derecho de Autor, en materia de derechos de las personas trabajadores artistas intérpretes o ejecutantes.",24/02/2026,14/05/2026,Ejecutivo Federal,Publicado en DOF el 14/05/2026,EJE-2024-2030-65-aprobadas-y-o-publicadas-en-dof,8,,Derechos de personas trabajadoras artistas,alta,8.3;8.5
MIN-EJE-66,LXVI,,,66,"Que expide la Ley Federal de Cine y el Audiovisual, y se abroga la Ley Federal de Cinematografía.",24/02/2026,22/05/2026,Ejecutivo Federal,Publicado en DOF el 22/05/2026,EJE-2024-2030-66-aprobadas-y-o-publicadas-en-dof,8,9,Ley Federal de Cine y el Audiovisual,media,8.3
MIN-EJE-67,LXVI,,,67,"Que reforma el artículo 127 de la Constitución Política de los Estados Unidos Mexicanos, en materia de límite a las jubilaciones y pensiones de las entidades públicas.",04/03/2026,10/04/2026,Ejecutivo Federal,Publicado en DOF el 10/04/2026,EJE-2024-2030-67-aprobadas-y-o-publicadas-en-dof,16,10,Límite a jubilaciones y pensiones públicas,alta,16.6;10.4
MIN-EJE-68,LXVI,,,68,"Con proyecto de decreto por el que se reforman los artículos 40, fracción I, de la Ley Orgánica de la Administración Pública Federal; 15, fracciones IV y VI, de la Ley de Comercio Exterior y se adiciona el artículo 283 Quater a la Ley Federal del Trabajo.",11/03/2026,01/05/2026,Ejecutivo Federal,Publicado en DOF el 01/05/2026,EJE-2024-2030-68-aprobadas-y-o-publicadas-en-dof,8,17,Comercio exterior y trabajo (art. 283 LFT),baja,8.7;8.8
MIN-EJE-69,LXVI,,,69,Que reforma diversas disposiciones de la Ley de Vivienda.,11/03/2026,29/04/2026,Ejecutivo Federal,Publicado en DOF el 29/04/2026,EJE-2024-2030-69-aprobadas-y-o-publicadas-en-dof,11,,Reforma a la Ley de Vivienda,alta,11.1
MIN-EJE-70,LXVI,,,70,Que reforma y adiciona diversas disposiciones de la Constitución Política de los Estados Unidos Mexicanos con el objeto de reducir privilegios y fortalecer la revocación de mandato.,18/03/2026,23/04/2026,Ejecutivo Federal,Publicado en DOF el 23/04/2026,EJE-2024-2030-70-aprobadas-y-o-publicadas-en-dof,16,,Revocación de mandato y reducción de privilegios,alta,16.6;16.7
MIN-EJE-71,LXVI,,,71,Que adiciona la fracción I Sexies al artículo 36 de la Ley Orgánica de la Administración Pública Federal.,18/03/2026,07/05/2026,Ejecutivo Federal,Publicado en DOF el 07/05/2026,EJE-2024-2030-71-aprobadas-y-o-publicadas-en-dof,9,16,Atribuciones SICT (LOAPF art. 36),baja,9.1
MIN-EJE-72,LXVI,,,72,"Que expide la Ley para el Fomento de la Inversión en Infraestructura Estratégica para el Desarrollo con Bienestar, y se reforman y adicionan diversas disposiciones de la Ley Federal de Presupuesto y Responsabilidad Hacendaria.",19/03/2026,09/04/2026,Ejecutivo Federal,Publicado en DOF el 09/04/2026,EJE-2024-2030-72-aprobadas-y-o-publicadas-en-dof,9,8;17,Inversión en infraestructura estratégica,alta,9.1;8.2
MIN-EJE-73,LXVI,,,73,Que reforma el artículo 141 del Código Fiscal de la Federación.,19/03/2026,09/04/2026,Ejecutivo Federal,Publicado en DOF el 09/04/2026,EJE-2024-2030-73-aprobadas-y-o-publicadas-en-dof,17,,Garantías fiscales (CFF art. 141),baja,17.1
MIN-EJE-74,LXVI,,,74,"Que se reforma el artículo 73, fracción XXI, inciso a), de la Constitución Política de los Estados Unidos Mexicanos, en materia de feminicidio.",07/04/2026,06/05/2026,Ejecutivo Federal,Publicado en DOF el 06/05/2026,EJE-2024-2030-74-aprobadas-y-o-publicadas-en-dof,5,16,Feminicidio (constitucional),alta,5.2;16.1
MIN-EJE-75,LXVI,,,75,"Que reforma y adiciona diversas disposiciones de la Constitución Política de los Estados Unidos Mexicanos, en materia de Reforma al Poder Judicial.",21/05/2026,02/06/2026,Ejecutivo Federal,Publicado en DOF el 02/06/2026,EJE-2024-2030-75-aprobadas-y-o-publicadas-en-dof,16,,Reforma al Poder Judicial (elección 2028),alta,16.3;16.6
MIN-EJE-76,LXVI,,,76,"Que reforma y adiciona diversas disposiciones de la Ley General de Instituciones y Procedimientos Electorales, en materia de integridad en candidaturas.",25/05/2026,02/06/2026,Ejecutivo Federal,Publicado en DOF el 02/06/2026,EJE-2024-2030-76-aprobadas-y-o-publicadas-en-dof,16,,Integridad en candidaturas,alta,16.5
